[2026-04-02 15:54:26.667] [default] [INFO] [app.go:47] Adding conversation with ID: 1775116466667769 and Title: 你好
[2026-04-02 15:54:26.667] [default] [INFO] [conversationop.go:84] Adding with ID: 1775116466667769 and Title: 你好
[2026-04-02 15:54:26.671] [default] [INFO] [app.go:60] Getting conversation with ID: 1775116466667769
[2026-04-02 15:54:26.671] [default] [INFO] [app.go:55] Conversation with ID: 1775116466667769 added successfully
[2026-04-02 15:54:26.671] [default] [INFO] [app.go:149] Generated messageID: 1775116466671053669
[2026-04-02 15:54:26.674] [default] [INFO] [app.go:127] Sending message to conversation successfully
[2026-04-02 15:54:26.675] [default] [INFO] [dialogop.go:28] GetDialogsByMessageID: map[chatID:1775116466667769 content:你好 messageID:1775116466671053669 role:user timestamp:2026-04-02 07:54:26 +0000 UTC]
[2026-04-02 15:54:26.675] [default] [INFO] [app.go:105] Getting message for conversation with messageID: 1775116466671053669 map[chatID:1775116466667769 content:你好 messageID:1775116466671053669 role:user timestamp:2026-04-02 07:54:26 +0000 UTC]
[2026-04-02 15:54:26.675] [default] [INFO] [app.go:200] Getting dispatcher for conversation with ChatID: 1775116466667769 &{0x1711c3e7f0e0 0x7ff7d6c262a0 0x1711c3e7f140 0x1711c3e1ebd0 0x1711c3e1ed20 0x1711c3e1f1f0}
[2026-04-02 15:54:26.675] [default] [INFO] [app.go:138] Sending message to conversation successfully
[2026-04-02 15:54:26.675] [default] [INFO] [app.go:200] Getting dispatcher for conversation with ChatID: 1775116466667769 &{0x1711c3e7f0e0 0x7ff7d6c262a0 0x1711c3e7f140 0x1711c3e1ebd0 0x1711c3e1ed20 0x1711c3e1f1f0}
[2026-04-02 15:54:26.675] [default] [INFO] [app.go:149] Generated messageID: 1775116466675001738
[2026-04-02 15:54:26.675] [default] [INFO] [app.go:200] Getting dispatcher for conversation with ChatID: 1775116466667769 &{0x1711c3e7f0e0 0x7ff7d6c262a0 0x1711c3e7f140 0x1711c3e1ebd0 0x1711c3e1ed20 0x1711c3e1f1f0}
[2026-04-02 15:54:26.675] [default] [INFO] [dispatcher.go:69] Dispatcher 处理消息: 你好
[2026-04-02 15:54:26.675] [default] [INFO] [app.go:149] Generated messageID: 1775116466675030533
[2026-04-02 15:54:26.676] [default] [INFO] [localMemory.go:60] SetSystemPrompt called
[2026-04-02 15:54:26.676] [default] [INFO] [localMemory.go:90] GetMessages called for chatID: 1775116466667769
[2026-04-02 15:54:26.676] [default] [INFO] [localMemory.go:94] Messages found for chatID:%!(EXTRA string=1775116466667769)
[2026-04-02 15:54:26.676] [default] [INFO] [proxy.go:178] convertMessages
[2026-04-02 15:54:27.255] [default] [INFO] [proxy.go:101] 发送请求成功
[2026-04-02 15:54:27.255] [default] [INFO] [responeScanner.go:27] 开始处理流式响应: &{200 OK 200 HTTP/2.0 2 0 map[Content-Type:[text/event-stream;charset=UTF-8] Date:[Thu, 02 Apr 2026 07:54:27 GMT] Req-Arrive-Time:[1775116467023] Req-Cost-Time:[401] Resp-Start-Time:[1775116467425] Server:[istio-envoy] Vary:[Origin] X-Dashscope-Call-Gateway:[true] X-Envoy-Upstream-Service-Time:[400] X-Request-Id:[824b7c51-be0f-9e94-b9c5-d1d196fa4c10]] 0x1711c3e22500 -1 [] false false map[] 0x1711c3ce7180 0x1711c3c6c600}
[2026-04-02 15:54:34.395] [default] [INFO] [responeScanner.go:129] 返回调用tools: []
[2026-04-02 15:54:34.395] [default] [INFO] [responeScanner.go:134] 流式响应处理完成，返回结果
[2026-04-02 15:54:34.395] [default] [INFO] [proxy.go:73] 处理响应成功
[2026-04-02 15:54:34.395] [default] [ERROR] [dispatcher.go:82] ConfirmIntention failed!!!!
[2026-04-02 15:54:34.404] [default] [INFO] [app.go:149] Generated messageID: 1775116474404069536
[2026-04-02 15:54:34.408] [default] [INFO] [app.go:149] Generated messageID: 1775116474408030854
[2026-04-02 15:56:04.192] [default] [INFO] [app.go:149] Generated messageID: 1775116564192043403
[2026-04-02 15:56:04.195] [default] [INFO] [app.go:127] Sending message to conversation successfully
[2026-04-02 15:56:04.195] [default] [INFO] [dialogop.go:28] GetDialogsByMessageID: map[chatID:1775116466667769 content:几点了 messageID:1775116564192043403 role:user timestamp:2026-04-02 07:56:04 +0000 UTC]
[2026-04-02 15:56:04.195] [default] [INFO] [app.go:105] Getting message for conversation with messageID: 1775116564192043403 map[chatID:1775116466667769 content:几点了 messageID:1775116564192043403 role:user timestamp:2026-04-02 07:56:04 +0000 UTC]
[2026-04-02 15:56:04.195] [default] [INFO] [app.go:200] Getting dispatcher for conversation with ChatID: 1775116466667769 &{0x1711c3e7f0e0 0x7ff7d6c262a0 0x1711c3e7f140 0x1711c3e1ebd0 0x1711c3e1ed20 0x1711c3e1f1f0}
[2026-04-02 15:56:04.195] [default] [INFO] [app.go:138] Sending message to conversation successfully
[2026-04-02 15:56:04.195] [default] [INFO] [dispatcher.go:69] Dispatcher 处理消息: 几点了
[2026-04-02 15:56:04.195] [default] [INFO] [localMemory.go:60] SetSystemPrompt called
[2026-04-02 15:56:04.196] [default] [INFO] [localMemory.go:90] GetMessages called for chatID: 1775116466667769
[2026-04-02 15:56:04.196] [default] [INFO] [localMemory.go:94] Messages found for chatID:%!(EXTRA string=1775116466667769)
[2026-04-02 15:56:04.196] [default] [INFO] [proxy.go:178] convertMessages
[2026-04-02 15:56:04.753] [default] [INFO] [proxy.go:101] 发送请求成功
[2026-04-02 15:56:04.753] [default] [INFO] [responeScanner.go:27] 开始处理流式响应: &{200 OK 200 HTTP/2.0 2 0 map[Content-Type:[text/event-stream;charset=UTF-8] Date:[Thu, 02 Apr 2026 07:56:04 GMT] Req-Arrive-Time:[1775116564534] Req-Cost-Time:[385] Resp-Start-Time:[1775116564920] Server:[istio-envoy] Vary:[Origin] X-Dashscope-Call-Gateway:[true] X-Envoy-Upstream-Service-Time:[384] X-Request-Id:[147be318-2466-9d12-aa0a-e6f2f680aab1]] 0x1711c42401c0 -1 [] false false map[] 0x1711c3ce63c0 0x1711c3c6c840}
[2026-04-02 15:56:18.503] [default] [INFO] [responeScanner.go:129] 返回调用tools: []
[2026-04-02 15:56:18.503] [default] [INFO] [responeScanner.go:134] 流式响应处理完成，返回结果
[2026-04-02 15:56:18.503] [default] [INFO] [proxy.go:73] 处理响应成功
[2026-04-02 15:56:18.503] [default] [ERROR] [dispatcher.go:82] ConfirmIntention failed!!!!
[2026-04-02 15:56:18.508] [default] [INFO] [app.go:149] Generated messageID: 1775116578508029238
[2026-04-02 15:56:18.514] [default] [INFO] [app.go:149] Generated messageID: 1775116578514040485
[2026-04-02 15:58:06.690] [default] [INFO] [app.go:149] Generated messageID: 1775116686690074092
[2026-04-02 15:58:06.694] [default] [INFO] [app.go:127] Sending message to conversation successfully
[2026-04-02 15:58:06.694] [default] [INFO] [dialogop.go:28] GetDialogsByMessageID: map[chatID:1775116466667769 content:agent编码的重点在哪 messageID:1775116686690074092 role:user timestamp:2026-04-02 07:58:06 +0000 UTC]
[2026-04-02 15:58:06.694] [default] [INFO] [app.go:105] Getting message for conversation with messageID: 1775116686690074092 map[chatID:1775116466667769 content:agent编码的重点在哪 messageID:1775116686690074092 role:user timestamp:2026-04-02 07:58:06 +0000 UTC]
[2026-04-02 15:58:06.694] [default] [INFO] [app.go:200] Getting dispatcher for conversation with ChatID: 1775116466667769 &{0x1e5a64cf07e0 0x7ff6468062a0 0x1e5a64cf0840 0x1e5a64d061c0 0x1e5a64d062a0 0x1e5a64d06310}
[2026-04-02 15:58:06.694] [default] [INFO] [app.go:138] Sending message to conversation successfully
[2026-04-02 15:58:06.694] [default] [INFO] [app.go:200] Getting dispatcher for conversation with ChatID: 1775116466667769 &{0x1e5a64cf07e0 0x7ff6468062a0 0x1e5a64cf0840 0x1e5a64d061c0 0x1e5a64d062a0 0x1e5a64d06310}
[2026-04-02 15:58:06.694] [default] [INFO] [app.go:149] Generated messageID: 1775116686694045990
[2026-04-02 15:58:06.694] [default] [INFO] [dispatcher.go:69] Dispatcher 处理消息: agent编码的重点在哪
[2026-04-02 15:58:06.694] [default] [INFO] [app.go:200] Getting dispatcher for conversation with ChatID: 1775116466667769 &{0x1e5a64cf07e0 0x7ff6468062a0 0x1e5a64cf0840 0x1e5a64d061c0 0x1e5a64d062a0 0x1e5a64d06310}
[2026-04-02 15:58:06.694] [default] [INFO] [app.go:149] Generated messageID: 1775116686694077839
[2026-04-02 15:58:06.695] [default] [INFO] [localMemory.go:60] SetSystemPrompt called
[2026-04-02 15:58:06.695] [default] [INFO] [localMemory.go:90] GetMessages called for chatID: 1775116466667769
[2026-04-02 15:58:06.695] [default] [INFO] [localMemory.go:94] Messages found for chatID:%!(EXTRA string=1775116466667769)
[2026-04-02 15:58:06.695] [default] [INFO] [proxy.go:178] convertMessages
[2026-04-02 15:58:07.295] [default] [INFO] [proxy.go:101] 发送请求成功
[2026-04-02 15:58:07.295] [default] [INFO] [responeScanner.go:27] 开始处理流式响应: &{200 OK 200 HTTP/2.0 2 0 map[Content-Type:[text/event-stream;charset=UTF-8] Date:[Thu, 02 Apr 2026 07:58:07 GMT] Req-Arrive-Time:[1775116687049] Req-Cost-Time:[415] Resp-Start-Time:[1775116687464] Server:[istio-envoy] Vary:[Origin] X-Dashscope-Call-Gateway:[true] X-Envoy-Upstream-Service-Time:[413] X-Request-Id:[ded51817-d265-9359-b17c-1a1742ae64d1]] 0x1e5a64c06fa0 -1 [] false false map[] 0x1e5a64acb040 0x1e5a64a560c0}
[2026-04-02 15:58:14.561] [default] [INFO] [responeScanner.go:129] 返回调用tools: []
[2026-04-02 15:58:14.561] [default] [INFO] [responeScanner.go:134] 流式响应处理完成，返回结果
[2026-04-02 15:58:14.561] [default] [INFO] [proxy.go:73] 处理响应成功
[2026-04-02 15:58:14.561] [default] [ERROR] [dispatcher.go:82] ConfirmIntention failed!!!!
[2026-04-02 15:58:14.570] [default] [INFO] [app.go:149] Generated messageID: 1775116694570041526
[2026-04-02 15:58:14.573] [default] [INFO] [app.go:149] Generated messageID: 1775116694573046186
[2026-04-02 16:05:06.777] [default] [INFO] [app.go:149] Generated messageID: 1775117106777047074
[2026-04-02 16:05:06.787] [default] [INFO] [app.go:127] Sending message to conversation successfully
[2026-04-02 16:05:06.787] [default] [INFO] [dialogop.go:28] GetDialogsByMessageID: map[chatID:1775116466667769 content:你好 messageID:1775117106777047074 role:user timestamp:2026-04-02 08:05:06 +0000 UTC]
[2026-04-02 16:05:06.787] [default] [INFO] [app.go:105] Getting message for conversation with messageID: 1775117106777047074 map[chatID:1775116466667769 content:你好 messageID:1775117106777047074 role:user timestamp:2026-04-02 08:05:06 +0000 UTC]
[2026-04-02 16:05:06.788] [default] [INFO] [app.go:200] Getting dispatcher for conversation with ChatID: 1775116466667769 &{0x27da2847eb40 0x7ff6995962a0 0x27da2847eba0 0x27da284001c0 0x27da28400230 0x27da284002a0}
[2026-04-02 16:05:06.788] [default] [INFO] [app.go:138] Sending message to conversation successfully
[2026-04-02 16:05:06.788] [default] [INFO] [dispatcher.go:71] Dispatcher 处理消息: 你好
[2026-04-02 16:05:06.788] [default] [INFO] [app.go:200] Getting dispatcher for conversation with ChatID: 1775116466667769 &{0x27da2847eb40 0x7ff6995962a0 0x27da2847eba0 0x27da284001c0 0x27da28400230 0x27da284002a0}
[2026-04-02 16:05:06.788] [default] [INFO] [app.go:149] Generated messageID: 1775117106788056241
[2026-04-02 16:05:06.788] [default] [INFO] [app.go:200] Getting dispatcher for conversation with ChatID: 1775116466667769 &{0x27da2847eb40 0x7ff6995962a0 0x27da2847eba0 0x27da284001c0 0x27da28400230 0x27da284002a0}
[2026-04-02 16:05:06.788] [default] [INFO] [app.go:149] Generated messageID: 1775117106788069517
[2026-04-02 16:05:06.789] [default] [INFO] [localMemory.go:60] SetSystemPrompt called
[2026-04-02 16:05:06.789] [default] [INFO] [localMemory.go:90] GetMessages called for chatID: 1775116466667769
[2026-04-02 16:05:06.789] [default] [INFO] [localMemory.go:94] Messages found for chatID:%!(EXTRA string=1775116466667769)
[2026-04-02 16:05:06.789] [default] [INFO] [proxy.go:178] convertMessages
[2026-04-02 16:05:07.348] [default] [INFO] [proxy.go:101] 发送请求成功
[2026-04-02 16:05:07.348] [default] [INFO] [responeScanner.go:27] 开始处理流式响应: &{200 OK 200 HTTP/2.0 2 0 map[Content-Type:[text/event-stream;charset=UTF-8] Date:[Thu, 02 Apr 2026 08:05:07 GMT] Req-Arrive-Time:[1775117107146] Req-Cost-Time:[379] Resp-Start-Time:[1775117107525] Server:[istio-envoy] Vary:[Origin] X-Dashscope-Call-Gateway:[true] X-Envoy-Upstream-Service-Time:[378] X-Request-Id:[d355183a-be9b-9851-8d19-9cf8b5d9a6ef]] 0x27da2864a120 -1 [] false false map[] 0x27da2823f040 0x27da283b2300}
[2026-04-02 16:05:12.058] [default] [INFO] [responeScanner.go:129] 返回调用tools: []
[2026-04-02 16:05:12.058] [default] [INFO] [responeScanner.go:134] 流式响应处理完成，返回结果
[2026-04-02 16:05:12.058] [default] [INFO] [proxy.go:73] 处理响应成功
[2026-04-02 16:05:12.058] [default] [ERROR] [dispatcher.go:84] ConfirmIntention failed!!!!
[2026-04-02 16:05:12.067] [default] [INFO] [app.go:149] Generated messageID: 1775117112067081834
[2026-04-02 16:05:12.069] [default] [INFO] [app.go:149] Generated messageID: 1775117112069012746
[2026-04-02 16:07:52.442] [default] [INFO] [app.go:149] Generated messageID: 1775117272442069796
[2026-04-02 16:07:52.445] [default] [INFO] [app.go:127] Sending message to conversation successfully
[2026-04-02 16:07:52.446] [default] [INFO] [dialogop.go:28] GetDialogsByMessageID: map[chatID:1775116466667769 content:战争与和平是一本什么样的书 messageID:1775117272442069796 role:user timestamp:2026-04-02 08:07:52 +0000 UTC]
[2026-04-02 16:07:52.446] [default] [INFO] [app.go:105] Getting message for conversation with messageID: 1775117272442069796 map[chatID:1775116466667769 content:战争与和平是一本什么样的书 messageID:1775117272442069796 role:user timestamp:2026-04-02 08:07:52 +0000 UTC]
[2026-04-02 16:07:52.446] [default] [INFO] [app.go:200] Getting dispatcher for conversation with ChatID: 1775116466667769 &{0x233fc970cab0 0x7ff7add962a0 0x233fc970cb10 0x233fc976a380 0x233fc976a3f0 0x233fc976a460}
[2026-04-02 16:07:52.446] [default] [INFO] [app.go:138] Sending message to conversation successfully
[2026-04-02 16:07:52.446] [default] [INFO] [app.go:200] Getting dispatcher for conversation with ChatID: 1775116466667769 &{0x233fc970cab0 0x7ff7add962a0 0x233fc970cb10 0x233fc976a380 0x233fc976a3f0 0x233fc976a460}
[2026-04-02 16:07:52.446] [default] [INFO] [dispatcher.go:71] Dispatcher 处理消息: 战争与和平是一本什么样的书
[2026-04-02 16:07:52.446] [default] [INFO] [app.go:149] Generated messageID: 1775117272446045115
[2026-04-02 16:07:52.446] [default] [INFO] [dispatcher.go:75] context 中没有 Intent,重新确认意图...
[2026-04-02 16:07:52.446] [default] [INFO] [app.go:200] Getting dispatcher for conversation with ChatID: 1775116466667769 &{0x233fc970cab0 0x7ff7add962a0 0x233fc970cb10 0x233fc976a380 0x233fc976a3f0 0x233fc976a460}
[2026-04-02 16:07:52.446] [default] [INFO] [app.go:149] Generated messageID: 1775117272446006124
[2026-04-02 16:07:52.447] [default] [INFO] [localMemory.go:60] SetSystemPrompt called
[2026-04-02 16:07:52.447] [default] [INFO] [localMemory.go:90] GetMessages called for chatID: 1775116466667769
[2026-04-02 16:07:52.447] [default] [INFO] [localMemory.go:94] Messages found for chatID:%!(EXTRA string=1775116466667769)
[2026-04-02 16:07:52.447] [default] [INFO] [proxy.go:178] convertMessages
[2026-04-02 16:07:52.997] [default] [INFO] [proxy.go:101] 发送请求成功
[2026-04-02 16:07:52.997] [default] [INFO] [responeScanner.go:27] 开始处理流式响应: &{200 OK 200 HTTP/2.0 2 0 map[Content-Type:[text/event-stream;charset=UTF-8] Date:[Thu, 02 Apr 2026 08:07:52 GMT] Req-Arrive-Time:[1775117272827] Req-Cost-Time:[342] Resp-Start-Time:[1775117273169] Server:[istio-envoy] Vary:[Origin] X-Dashscope-Call-Gateway:[true] X-Envoy-Upstream-Service-Time:[340] X-Request-Id:[c5f7c162-eeb2-9c35-88fe-28c3819df463]] 0x233fc9b8a7c0 -1 [] false false map[] 0x233fc99d5040 0x233fc97b26c0}
[2026-04-02 16:08:03.932] [default] [INFO] [responeScanner.go:129] 返回调用tools: []
[2026-04-02 16:08:03.932] [default] [INFO] [responeScanner.go:134] 流式响应处理完成，返回结果
[2026-04-02 16:08:03.932] [default] [INFO] [proxy.go:73] 处理响应成功
[2026-04-02 16:08:03.933] [default] [ERROR] [dispatcher.go:86] ConfirmIntention failed!!!!
[2026-04-02 16:08:03.942] [default] [INFO] [app.go:149] Generated messageID: 1775117283942017970
[2026-04-02 16:08:03.944] [default] [INFO] [app.go:149] Generated messageID: 1775117283944009910
[2026-04-02 16:11:29.729] [default] [INFO] [app.go:149] Generated messageID: 1775117489729023341
[2026-04-02 16:11:29.738] [default] [INFO] [app.go:127] Sending message to conversation successfully
[2026-04-02 16:11:29.739] [default] [INFO] [dialogop.go:28] GetDialogsByMessageID: map[chatID:1775116466667769 content:世界的本质是什么 messageID:1775117489729023341 role:user timestamp:2026-04-02 08:11:29 +0000 UTC]
[2026-04-02 16:11:29.739] [default] [INFO] [app.go:105] Getting message for conversation with messageID: 1775117489729023341 map[chatID:1775116466667769 content:世界的本质是什么 messageID:1775117489729023341 role:user timestamp:2026-04-02 08:11:29 +0000 UTC]
[2026-04-02 16:11:29.739] [default] [INFO] [app.go:200] Getting dispatcher for conversation with ChatID: 1775116466667769 &{0x28acbe581260 0x7ff6aa2d62a0 0x28acbe5812c0 0x28acbe5013b0 0x28acbe501420 0x28acbe501490}
[2026-04-02 16:11:29.739] [default] [INFO] [app.go:138] Sending message to conversation successfully
[2026-04-02 16:11:29.739] [default] [INFO] [app.go:200] Getting dispatcher for conversation with ChatID: 1775116466667769 &{0x28acbe581260 0x7ff6aa2d62a0 0x28acbe5812c0 0x28acbe5013b0 0x28acbe501420 0x28acbe501490}
[2026-04-02 16:11:29.739] [default] [INFO] [app.go:149] Generated messageID: 1775117489739076277
[2026-04-02 16:11:29.739] [default] [INFO] [dispatcher.go:71] Dispatcher 处理消息: 世界的本质是什么
[2026-04-02 16:11:29.739] [default] [INFO] [dispatcher.go:75] context 中没有 Intent,重新确认意图...
[2026-04-02 16:11:29.739] [default] [INFO] [app.go:200] Getting dispatcher for conversation with ChatID: 1775116466667769 &{0x28acbe581260 0x7ff6aa2d62a0 0x28acbe5812c0 0x28acbe5013b0 0x28acbe501420 0x28acbe501490}
[2026-04-02 16:11:29.739] [default] [INFO] [app.go:149] Generated messageID: 1775117489739080464
[2026-04-02 16:11:29.740] [default] [INFO] [localMemory.go:60] SetSystemPrompt called
[2026-04-02 16:11:29.740] [default] [INFO] [localMemory.go:90] GetMessages called for chatID: 1775116466667769
[2026-04-02 16:11:29.740] [default] [INFO] [localMemory.go:94] Messages found for chatID:%!(EXTRA string=1775116466667769)
[2026-04-02 16:11:29.740] [default] [INFO] [proxy.go:178] convertMessages
[2026-04-02 16:11:30.403] [default] [INFO] [proxy.go:101] 发送请求成功
[2026-04-02 16:11:30.403] [default] [INFO] [responeScanner.go:27] 开始处理流式响应: &{200 OK 200 HTTP/2.0 2 0 map[Content-Type:[text/event-stream;charset=UTF-8] Date:[Thu, 02 Apr 2026 08:11:30 GMT] Req-Arrive-Time:[1775117490125] Req-Cost-Time:[451] Resp-Start-Time:[1775117490577] Server:[istio-envoy] Vary:[Origin] X-Dashscope-Call-Gateway:[true] X-Envoy-Upstream-Service-Time:[450] X-Request-Id:[b9cb7e02-1ac5-927e-93ae-4623a0ead094]] 0x28acbe516820 -1 [] false false map[] 0x28acbe5b7040 0x28acbe3c89c0}
[2026-04-02 16:11:41.033] [default] [INFO] [responeScanner.go:129] 返回调用tools: []
[2026-04-02 16:11:41.033] [default] [INFO] [responeScanner.go:134] 流式响应处理完成，返回结果
[2026-04-02 16:11:41.033] [default] [INFO] [proxy.go:73] 处理响应成功
[2026-04-02 16:13:03.082] [default] [INFO] [app.go:149] Generated messageID: 1775117583082002788
[2026-04-02 16:13:03.085] [default] [INFO] [app.go:127] Sending message to conversation successfully
[2026-04-02 16:13:03.086] [default] [INFO] [dialogop.go:28] GetDialogsByMessageID: map[chatID:1775116466667769 content:世界的本质是什么 messageID:1775117583082002788 role:user timestamp:2026-04-02 08:13:03 +0000 UTC]
[2026-04-02 16:13:03.086] [default] [INFO] [app.go:105] Getting message for conversation with messageID: 1775117583082002788 map[chatID:1775116466667769 content:世界的本质是什么 messageID:1775117583082002788 role:user timestamp:2026-04-02 08:13:03 +0000 UTC]
[2026-04-02 16:13:03.086] [default] [INFO] [app.go:200] Getting dispatcher for conversation with ChatID: 1775116466667769 &{0x27ebc8b9ef30 0x7ff6bdde62a0 0x27ebc8b9ef90 0x27ebc88b2c40 0x27ebc88b2cb0 0x27ebc88b2d90}
[2026-04-02 16:13:03.086] [default] [INFO] [app.go:138] Sending message to conversation successfully
[2026-04-02 16:13:03.086] [default] [INFO] [app.go:200] Getting dispatcher for conversation with ChatID: 1775116466667769 &{0x27ebc8b9ef30 0x7ff6bdde62a0 0x27ebc8b9ef90 0x27ebc88b2c40 0x27ebc88b2cb0 0x27ebc88b2d90}
[2026-04-02 16:13:03.086] [default] [INFO] [dispatcher.go:71] Dispatcher 处理消息: 世界的本质是什么
[2026-04-02 16:13:03.086] [default] [INFO] [app.go:149] Generated messageID: 1775117583086006841
[2026-04-02 16:13:03.086] [default] [INFO] [dispatcher.go:75] context 中没有 Intent,重新确认意图...
[2026-04-02 16:13:03.086] [default] [INFO] [app.go:200] Getting dispatcher for conversation with ChatID: 1775116466667769 &{0x27ebc8b9ef30 0x7ff6bdde62a0 0x27ebc8b9ef90 0x27ebc88b2c40 0x27ebc88b2cb0 0x27ebc88b2d90}
[2026-04-02 16:13:03.086] [default] [INFO] [app.go:149] Generated messageID: 1775117583086060893
[2026-04-02 16:13:03.087] [default] [INFO] [localMemory.go:60] SetSystemPrompt called
[2026-04-02 16:13:03.087] [default] [INFO] [localMemory.go:90] GetMessages called for chatID: 1775116466667769
[2026-04-02 16:13:03.087] [default] [INFO] [localMemory.go:94] Messages found for chatID:%!(EXTRA string=1775116466667769)
[2026-04-02 16:13:03.087] [default] [INFO] [proxy.go:178] convertMessages
[2026-04-02 16:13:03.639] [default] [INFO] [proxy.go:101] 发送请求成功
[2026-04-02 16:13:03.639] [default] [INFO] [responeScanner.go:27] 开始处理流式响应: &{200 OK 200 HTTP/2.0 2 0 map[Content-Type:[text/event-stream;charset=UTF-8] Date:[Thu, 02 Apr 2026 08:13:03 GMT] Req-Arrive-Time:[1775117583452] Req-Cost-Time:[368] Resp-Start-Time:[1775117583821] Server:[istio-envoy] Vary:[Origin] X-Dashscope-Call-Gateway:[true] X-Envoy-Upstream-Service-Time:[366] X-Request-Id:[69af1da2-2bd1-914a-a5f2-2c3d43f151bb]] 0x27ebc8a0e160 -1 [] false false map[] 0x27ebc8a3f2c0 0x27ebc8cee300}
[2026-04-02 16:13:10.350] [default] [INFO] [responeScanner.go:129] 返回调用tools: []
[2026-04-02 16:13:10.350] [default] [INFO] [responeScanner.go:134] 流式响应处理完成，返回结果
[2026-04-02 16:13:10.350] [default] [INFO] [proxy.go:73] 处理响应成功
[2026-04-02 16:13:10.350] [default] [INFO] [dispatcher.go:93] 切换到聊天模式
[2026-04-02 16:13:10.350] [default] [INFO] [dispatcher.go:186] 对话系统提示词已加载...
[2026-04-02 16:13:10.350] [default] [INFO] [localMemory.go:90] GetMessages called for chatID: 1775116466667769
[2026-04-02 16:13:10.350] [default] [INFO] [localMemory.go:94] Messages found for chatID:%!(EXTRA string=1775116466667769)
[2026-04-02 16:13:10.350] [default] [INFO] [proxy.go:178] convertMessages
[2026-04-02 16:13:10.359] [default] [INFO] [app.go:149] Generated messageID: 1775117590359022889
[2026-04-02 16:13:10.363] [default] [INFO] [app.go:149] Generated messageID: 1775117590362020232
[2026-04-02 16:13:10.704] [default] [INFO] [proxy.go:101] 发送请求成功
[2026-04-02 16:13:10.704] [default] [INFO] [responeScanner.go:27] 开始处理流式响应: &{200 OK 200 HTTP/2.0 2 0 map[Content-Type:[text/event-stream;charset=UTF-8] Date:[Thu, 02 Apr 2026 08:13:10 GMT] Req-Arrive-Time:[1775117590685] Req-Cost-Time:[199] Resp-Start-Time:[1775117590884] Server:[istio-envoy] Vary:[Origin] X-Dashscope-Call-Gateway:[true] X-Envoy-Upstream-Service-Time:[199] X-Request-Id:[27228a18-679d-9be5-b212-93a3abb65474]] 0x27ebc8a0ef40 -1 [] false false map[] 0x27ebc8a3e3c0 0x27ebc88ae6c0}
[2026-04-02 16:13:23.880] [default] [INFO] [responeScanner.go:129] 返回调用tools: []
[2026-04-02 16:13:23.880] [default] [INFO] [responeScanner.go:134] 流式响应处理完成，返回结果
[2026-04-02 16:13:23.880] [default] [INFO] [proxy.go:73] 处理响应成功
[2026-04-02 16:13:23.889] [default] [INFO] [app.go:149] Generated messageID: 1775117603889098815
[2026-04-02 16:13:23.892] [default] [INFO] [app.go:149] Generated messageID: 1775117603892029201
[2026-04-02 16:13:31.979] [default] [INFO] [app.go:149] Generated messageID: 1775117611979070433
[2026-04-02 16:13:31.988] [default] [INFO] [app.go:127] Sending message to conversation successfully
[2026-04-02 16:13:31.988] [default] [INFO] [dialogop.go:28] GetDialogsByMessageID: map[chatID:1775116466667769 content:佛家怎么说的 messageID:1775117611979070433 role:user timestamp:2026-04-02 08:13:31 +0000 UTC]
[2026-04-02 16:13:31.988] [default] [INFO] [app.go:105] Getting message for conversation with messageID: 1775117611979070433 map[chatID:1775116466667769 content:佛家怎么说的 messageID:1775117611979070433 role:user timestamp:2026-04-02 08:13:31 +0000 UTC]
[2026-04-02 16:13:31.988] [default] [INFO] [app.go:200] Getting dispatcher for conversation with ChatID: 1775116466667769 &{0x27ebc8b9ef30 0x7ff6bdde62a0 0x27ebc8b9ef90 0x27ebc88b2c40 0x27ebc88b2cb0 0x27ebc88b2d90}
[2026-04-02 16:13:31.988] [default] [INFO] [app.go:138] Sending message to conversation successfully
[2026-04-02 16:13:31.988] [default] [INFO] [dispatcher.go:71] Dispatcher 处理消息: 佛家怎么说的
[2026-04-02 16:13:31.988] [default] [INFO] [dispatcher.go:75] context 中没有 Intent,重新确认意图...
[2026-04-02 16:13:31.989] [default] [INFO] [localMemory.go:60] SetSystemPrompt called
[2026-04-02 16:13:31.989] [default] [INFO] [localMemory.go:90] GetMessages called for chatID: 1775116466667769
[2026-04-02 16:13:31.989] [default] [INFO] [localMemory.go:94] Messages found for chatID:%!(EXTRA string=1775116466667769)
[2026-04-02 16:13:31.989] [default] [INFO] [proxy.go:178] convertMessages
[2026-04-02 16:13:32.579] [default] [INFO] [proxy.go:101] 发送请求成功
[2026-04-02 16:13:32.579] [default] [INFO] [responeScanner.go:27] 开始处理流式响应: &{200 OK 200 HTTP/2.0 2 0 map[Content-Type:[text/event-stream;charset=UTF-8] Date:[Thu, 02 Apr 2026 08:13:32 GMT] Req-Arrive-Time:[1775117612322] Req-Cost-Time:[429] Resp-Start-Time:[1775117612752] Server:[istio-envoy] Vary:[Origin] X-Dashscope-Call-Gateway:[true] X-Envoy-Upstream-Service-Time:[428] X-Request-Id:[4364914f-7d97-9bba-a6f1-35afb7cbe7e3]] 0x27ebc8a84a20 -1 [] false false map[] 0x27ebc8a3e280 0x27ebc88ae840}
[2026-04-02 16:13:35.413] [default] [INFO] [responeScanner.go:129] 返回调用tools: []
[2026-04-02 16:13:35.413] [default] [INFO] [responeScanner.go:134] 流式响应处理完成，返回结果
[2026-04-02 16:13:35.413] [default] [INFO] [proxy.go:73] 处理响应成功
[2026-04-02 16:13:35.414] [default] [INFO] [dispatcher.go:93] 切换到聊天模式
[2026-04-02 16:13:35.414] [default] [INFO] [dispatcher.go:186] 对话系统提示词已加载...
[2026-04-02 16:13:35.414] [default] [INFO] [localMemory.go:90] GetMessages called for chatID: 1775116466667769
[2026-04-02 16:13:35.414] [default] [INFO] [localMemory.go:94] Messages found for chatID:%!(EXTRA string=1775116466667769)
[2026-04-02 16:13:35.414] [default] [INFO] [proxy.go:178] convertMessages
[2026-04-02 16:13:35.424] [default] [INFO] [app.go:149] Generated messageID: 1775117615424032580
[2026-04-02 16:13:35.426] [default] [INFO] [app.go:149] Generated messageID: 1775117615426095672
[2026-04-02 16:13:35.771] [default] [INFO] [proxy.go:101] 发送请求成功
[2026-04-02 16:13:35.771] [default] [INFO] [responeScanner.go:27] 开始处理流式响应: &{200 OK 200 HTTP/2.0 2 0 map[Content-Type:[text/event-stream;charset=UTF-8] Date:[Thu, 02 Apr 2026 08:13:35 GMT] Req-Arrive-Time:[1775117615728] Req-Cost-Time:[223] Resp-Start-Time:[1775117615952] Server:[istio-envoy] Vary:[Origin] X-Dashscope-Call-Gateway:[true] X-Envoy-Upstream-Service-Time:[223] X-Request-Id:[1eafd3de-74fa-91b1-b0d7-822a508e2e70]] 0x27ebc8c5e8e0 -1 [] false false map[] 0x27ebc898e140 0x27ebc8cee240}
[2026-04-02 16:13:50.542] [default] [INFO] [responeScanner.go:129] 返回调用tools: []
[2026-04-02 16:13:50.542] [default] [INFO] [responeScanner.go:134] 流式响应处理完成，返回结果
[2026-04-02 16:13:50.542] [default] [INFO] [proxy.go:73] 处理响应成功
[2026-04-02 16:13:50.551] [default] [INFO] [app.go:149] Generated messageID: 1775117630551087265
[2026-04-02 16:13:50.554] [default] [INFO] [app.go:149] Generated messageID: 1775117630554040009
[2026-04-02 16:21:23.192] [default] [INFO] [app.go:149] Generated messageID: 1775118083192097252
[2026-04-02 16:21:23.201] [default] [INFO] [app.go:127] Sending message to conversation successfully
[2026-04-02 16:21:23.201] [default] [INFO] [dialogop.go:28] GetDialogsByMessageID: map[chatID:1775116466667769 content:golang的context给我讲讲 messageID:1775118083192097252 role:user timestamp:2026-04-02 08:21:23 +0000 UTC]
[2026-04-02 16:21:23.201] [default] [INFO] [app.go:105] Getting message for conversation with messageID: 1775118083192097252 map[chatID:1775116466667769 content:golang的context给我讲讲 messageID:1775118083192097252 role:user timestamp:2026-04-02 08:21:23 +0000 UTC]
[2026-04-02 16:21:23.201] [default] [INFO] [app.go:200] Getting dispatcher for conversation with ChatID: 1775116466667769 &{0x1b4902c9f0e0 0x7ff6ebd962a0 0x1b4902c9f140 0x1b4902d22770 0x1b4902d229a0 0x1b4902d22a10 <nil>}
[2026-04-02 16:21:23.201] [default] [INFO] [app.go:138] Sending message to conversation successfully
[2026-04-02 16:21:23.201] [default] [INFO] [app.go:200] Getting dispatcher for conversation with ChatID: 1775116466667769 &{0x1b4902c9f0e0 0x7ff6ebd962a0 0x1b4902c9f140 0x1b4902d22770 0x1b4902d229a0 0x1b4902d22a10 <nil>}
[2026-04-02 16:21:23.201] [default] [INFO] [dispatcher.go:72] Dispatcher 处理消息: golang的context给我讲讲
[2026-04-02 16:21:23.201] [default] [INFO] [app.go:149] Generated messageID: 1775118083201001321
[2026-04-02 16:21:23.201] [default] [INFO] [dispatcher.go:76] context 中没有 Intent,重新确认意图...
[2026-04-02 16:21:23.201] [default] [INFO] [app.go:200] Getting dispatcher for conversation with ChatID: 1775116466667769 &{0x1b4902c9f0e0 0x7ff6ebd962a0 0x1b4902c9f140 0x1b4902d22770 0x1b4902d229a0 0x1b4902d22a10 <nil>}
[2026-04-02 16:21:23.201] [default] [INFO] [app.go:149] Generated messageID: 1775118083201033396
[2026-04-02 16:21:23.203] [default] [INFO] [localMemory.go:60] SetSystemPrompt called
[2026-04-02 16:21:23.203] [default] [INFO] [localMemory.go:90] GetMessages called for chatID: 1775116466667769
[2026-04-02 16:21:23.203] [default] [INFO] [localMemory.go:94] Messages found for chatID:%!(EXTRA string=1775116466667769)
[2026-04-02 16:21:23.203] [default] [INFO] [proxy.go:178] convertMessages
[2026-04-02 16:21:23.761] [default] [INFO] [proxy.go:101] 发送请求成功
[2026-04-02 16:21:23.761] [default] [INFO] [responeScanner.go:27] 开始处理流式响应: &{200 OK 200 HTTP/2.0 2 0 map[Content-Type:[text/event-stream;charset=UTF-8] Date:[Thu, 02 Apr 2026 08:21:23 GMT] Req-Arrive-Time:[1775118083566] Req-Cost-Time:[380] Resp-Start-Time:[1775118083947] Server:[istio-envoy] Vary:[Origin] X-Dashscope-Call-Gateway:[true] X-Envoy-Upstream-Service-Time:[378] X-Request-Id:[ac8032ee-ceb6-96ec-b671-d02838921359]] 0x1b4902b1e020 -1 [] false false map[] 0x1b4902d3b180 0x1b4902cf0300}
[2026-04-02 16:21:30.088] [default] [INFO] [responeScanner.go:129] 返回调用tools: []
[2026-04-02 16:21:30.088] [default] [INFO] [responeScanner.go:134] 流式响应处理完成，返回结果
[2026-04-02 16:21:30.088] [default] [INFO] [proxy.go:73] 处理响应成功
[2026-04-02 16:22:38.905] [default] [INFO] [app.go:149] Generated messageID: 1775118158905050049
[2026-04-02 16:22:38.908] [default] [INFO] [app.go:127] Sending message to conversation successfully
[2026-04-02 16:22:38.909] [default] [INFO] [dialogop.go:28] GetDialogsByMessageID: map[chatID:1775116466667769 content:golang的context给我讲讲 messageID:1775118158905050049 role:user timestamp:2026-04-02 08:22:38 +0000 UTC]
[2026-04-02 16:22:38.909] [default] [INFO] [app.go:105] Getting message for conversation with messageID: 1775118158905050049 map[chatID:1775116466667769 content:golang的context给我讲讲 messageID:1775118158905050049 role:user timestamp:2026-04-02 08:22:38 +0000 UTC]
[2026-04-02 16:22:38.909] [default] [INFO] [app.go:200] Getting dispatcher for conversation with ChatID: 1775116466667769 &{0x7a5eec63650 0x7ff6ae1862a0 0x7a5eec636b0 0x7a5eed5a9a0 0x7a5eed5aa10 0x7a5eed5aa80 <nil>}
[2026-04-02 16:22:38.909] [default] [INFO] [app.go:138] Sending message to conversation successfully
[2026-04-02 16:22:38.909] [default] [INFO] [app.go:200] Getting dispatcher for conversation with ChatID: 1775116466667769 &{0x7a5eec63650 0x7ff6ae1862a0 0x7a5eec636b0 0x7a5eed5a9a0 0x7a5eed5aa10 0x7a5eed5aa80 <nil>}
[2026-04-02 16:22:38.909] [default] [INFO] [app.go:149] Generated messageID: 1775118158909019991
[2026-04-02 16:22:38.909] [default] [INFO] [dispatcher.go:72] Dispatcher 处理消息: golang的context给我讲讲
[2026-04-02 16:22:38.909] [default] [INFO] [app.go:200] Getting dispatcher for conversation with ChatID: 1775116466667769 &{0x7a5eec63650 0x7ff6ae1862a0 0x7a5eec636b0 0x7a5eed5a9a0 0x7a5eed5aa10 0x7a5eed5aa80 <nil>}
[2026-04-02 16:22:38.909] [default] [INFO] [dispatcher.go:76] context 中没有 Intent,重新确认意图...
[2026-04-02 16:22:38.909] [default] [INFO] [app.go:149] Generated messageID: 1775118158909072642
[2026-04-02 16:22:38.909] [default] [INFO] [localMemory.go:60] SetSystemPrompt called
[2026-04-02 16:22:38.910] [default] [INFO] [localMemory.go:90] GetMessages called for chatID: 1775116466667769
[2026-04-02 16:22:38.910] [default] [INFO] [localMemory.go:94] Messages found for chatID:%!(EXTRA string=1775116466667769)
[2026-04-02 16:22:38.910] [default] [INFO] [proxy.go:178] convertMessages
[2026-04-02 16:22:39.538] [default] [INFO] [proxy.go:101] 发送请求成功
[2026-04-02 16:22:39.538] [default] [INFO] [responeScanner.go:27] 开始处理流式响应: &{200 OK 200 HTTP/2.0 2 0 map[Content-Type:[text/event-stream;charset=UTF-8] Date:[Thu, 02 Apr 2026 08:22:39 GMT] Req-Arrive-Time:[1775118159293] Req-Cost-Time:[429] Resp-Start-Time:[1775118159722] Server:[istio-envoy] Vary:[Origin] X-Dashscope-Call-Gateway:[true] X-Envoy-Upstream-Service-Time:[428] X-Request-Id:[0a5ca3cb-9f3f-9c69-aa25-ff92c7f60e7f]] 0x7a5eef92020 -1 [] false false map[] 0x7a5eeceb180 0x7a5eeba8780}
[2026-04-02 16:22:47.152] [default] [INFO] [responeScanner.go:129] 返回调用tools: []
[2026-04-02 16:22:47.152] [default] [INFO] [responeScanner.go:134] 流式响应处理完成，返回结果
[2026-04-02 16:22:47.152] [default] [INFO] [proxy.go:73] 处理响应成功
[2026-04-02 16:22:47.152] [default] [INFO] [dispatcher.go:93] 切换到聊天模式
[2026-04-02 16:22:47.152] [default] [INFO] [dispatcher.go:186] 对话系统提示词已加载...
[2026-04-02 16:22:47.152] [default] [INFO] [localMemory.go:90] GetMessages called for chatID: 1775116466667769
[2026-04-02 16:22:47.152] [default] [INFO] [localMemory.go:94] Messages found for chatID:%!(EXTRA string=1775116466667769)
[2026-04-02 16:22:47.152] [default] [INFO] [proxy.go:178] convertMessages
[2026-04-02 16:22:47.155] [default] [INFO] [app.go:149] Generated messageID: 1775118167155073962
[2026-04-02 16:22:47.158] [default] [INFO] [app.go:149] Generated messageID: 1775118167158093881
[2026-04-02 16:22:47.487] [default] [INFO] [proxy.go:101] 发送请求成功
[2026-04-02 16:22:47.487] [default] [INFO] [responeScanner.go:27] 开始处理流式响应: &{200 OK 200 HTTP/2.0 2 0 map[Content-Type:[text/event-stream;charset=UTF-8] Date:[Thu, 02 Apr 2026 08:22:47 GMT] Req-Arrive-Time:[1775118167481] Req-Cost-Time:[191] Resp-Start-Time:[1775118167673] Server:[istio-envoy] Vary:[Origin] X-Dashscope-Call-Gateway:[true] X-Envoy-Upstream-Service-Time:[191] X-Request-Id:[1b3ffac0-eaa9-93c6-ae67-73c36c9a6421]] 0x7a5eed5eba0 -1 [] false false map[] 0x7a5eefca500 0x7a5eee80240}
[2026-04-02 16:22:58.174] [default] [INFO] [responeScanner.go:129] 返回调用tools: []
[2026-04-02 16:22:58.174] [default] [INFO] [responeScanner.go:134] 流式响应处理完成，返回结果
[2026-04-02 16:22:58.174] [default] [INFO] [proxy.go:73] 处理响应成功
[2026-04-02 16:22:58.178] [default] [INFO] [app.go:149] Generated messageID: 1775118178178002726
[2026-04-02 16:22:58.181] [default] [INFO] [app.go:149] Generated messageID: 1775118178181072528
[2026-04-02 16:23:40.423] [default] [INFO] [app.go:149] Generated messageID: 1775118220423001110
[2026-04-02 16:23:40.431] [default] [INFO] [app.go:127] Sending message to conversation successfully
[2026-04-02 16:23:40.432] [default] [INFO] [dialogop.go:28] GetDialogsByMessageID: map[chatID:1775116466667769 content:如果父ctx cancel了会传递到最下层吗 messageID:1775118220423001110 role:user timestamp:2026-04-02 08:23:40 +0000 UTC]
[2026-04-02 16:23:40.432] [default] [INFO] [app.go:105] Getting message for conversation with messageID: 1775118220423001110 map[chatID:1775116466667769 content:如果父ctx cancel了会传递到最下层吗 messageID:1775118220423001110 role:user timestamp:2026-04-02 08:23:40 +0000 UTC]
[2026-04-02 16:23:40.432] [default] [INFO] [app.go:200] Getting dispatcher for conversation with ChatID: 1775116466667769 &{0x7a5eec63650 0x7ff6ae1862a0 0x7a5eec636b0 0x7a5eed5a9a0 0x7a5eed5aa10 0x7a5eed5aa80 0x7a5eedd28c0}
[2026-04-02 16:23:40.432] [default] [INFO] [app.go:138] Sending message to conversation successfully
[2026-04-02 16:23:40.432] [default] [INFO] [dispatcher.go:72] Dispatcher 处理消息: 如果父ctx cancel了会传递到最下层吗
[2026-04-02 16:23:40.433] [default] [INFO] [dispatcher.go:93] 切换到聊天模式
[2026-04-02 16:23:40.433] [default] [INFO] [dispatcher.go:186] 对话系统提示词已加载...
[2026-04-02 16:23:40.433] [default] [INFO] [localMemory.go:90] GetMessages called for chatID: 1775116466667769
[2026-04-02 16:23:40.433] [default] [INFO] [localMemory.go:94] Messages found for chatID:%!(EXTRA string=1775116466667769)
[2026-04-02 16:23:40.433] [default] [INFO] [proxy.go:178] convertMessages
[2026-04-02 16:23:40.788] [default] [INFO] [proxy.go:101] 发送请求成功
[2026-04-02 16:23:40.788] [default] [INFO] [responeScanner.go:27] 开始处理流式响应: &{200 OK 200 HTTP/2.0 2 0 map[Content-Type:[text/event-stream;charset=UTF-8] Date:[Thu, 02 Apr 2026 08:23:40 GMT] Req-Arrive-Time:[1775118220772] Req-Cost-Time:[203] Resp-Start-Time:[1775118220975] Server:[istio-envoy] Vary:[Origin] X-Dashscope-Call-Gateway:[true] X-Envoy-Upstream-Service-Time:[203] X-Request-Id:[49e9d2b0-d2e6-9765-aa77-2c17d76358ea]] 0x7a5eed83500 -1 [] false false map[] 0x7a5eeceb180 0x7a5eee803c0}
[2026-04-02 16:23:57.096] [default] [INFO] [responeScanner.go:129] 返回调用tools: []
[2026-04-02 16:23:57.096] [default] [INFO] [responeScanner.go:134] 流式响应处理完成，返回结果
[2026-04-02 16:23:57.096] [default] [INFO] [proxy.go:73] 处理响应成功
[2026-04-02 16:23:57.099] [default] [INFO] [app.go:149] Generated messageID: 1775118237099002868
[2026-04-02 16:23:57.101] [default] [INFO] [app.go:149] Generated messageID: 1775118237101000765
[2026-04-02 16:24:08.000] [default] [INFO] [app.go:149] Generated messageID: 1775118248000029269
[2026-04-02 16:24:08.008] [default] [INFO] [app.go:127] Sending message to conversation successfully
[2026-04-02 16:24:08.009] [default] [INFO] [dialogop.go:28] GetDialogsByMessageID: map[chatID:1775116466667769 content:切换意图 messageID:1775118248000029269 role:user timestamp:2026-04-02 08:24:08 +0000 UTC]
[2026-04-02 16:24:08.009] [default] [INFO] [app.go:105] Getting message for conversation with messageID: 1775118248000029269 map[chatID:1775116466667769 content:切换意图 messageID:1775118248000029269 role:user timestamp:2026-04-02 08:24:08 +0000 UTC]
[2026-04-02 16:24:08.009] [default] [INFO] [app.go:200] Getting dispatcher for conversation with ChatID: 1775116466667769 &{0x7a5eec63650 0x7ff6ae1862a0 0x7a5eec636b0 0x7a5eed5a9a0 0x7a5eed5aa10 0x7a5eed5aa80 0x7a5eedd28c0}
[2026-04-02 16:24:08.009] [default] [INFO] [app.go:138] Sending message to conversation successfully
[2026-04-02 16:24:08.009] [default] [INFO] [dispatcher.go:72] Dispatcher 处理消息: 切换意图
[2026-04-02 16:24:08.009] [default] [INFO] [dispatcher.go:93] 切换到聊天模式
[2026-04-02 16:24:08.009] [default] [INFO] [dispatcher.go:186] 对话系统提示词已加载...
[2026-04-02 16:24:08.009] [default] [INFO] [localMemory.go:90] GetMessages called for chatID: 1775116466667769
[2026-04-02 16:24:08.009] [default] [INFO] [localMemory.go:94] Messages found for chatID:%!(EXTRA string=1775116466667769)
[2026-04-02 16:24:08.009] [default] [INFO] [proxy.go:178] convertMessages
[2026-04-02 16:24:08.353] [default] [INFO] [proxy.go:101] 发送请求成功
[2026-04-02 16:24:08.353] [default] [INFO] [responeScanner.go:27] 开始处理流式响应: &{200 OK 200 HTTP/2.0 2 0 map[Content-Type:[text/event-stream;charset=UTF-8] Date:[Thu, 02 Apr 2026 08:24:08 GMT] Req-Arrive-Time:[1775118248343] Req-Cost-Time:[195] Resp-Start-Time:[1775118248539] Server:[istio-envoy] Vary:[Origin] X-Dashscope-Call-Gateway:[true] X-Envoy-Upstream-Service-Time:[195] X-Request-Id:[063f1ddc-043e-99de-99e0-c5d48cb1ff59]] 0x7a5eec18580 -1 [] false false map[] 0x7a5eede6780 0x7a5eeba86c0}
[2026-04-02 16:24:14.792] [default] [INFO] [responeScanner.go:129] 返回调用tools: []
[2026-04-02 16:24:14.792] [default] [INFO] [responeScanner.go:134] 流式响应处理完成，返回结果
[2026-04-02 16:24:14.792] [default] [INFO] [proxy.go:73] 处理响应成功
[2026-04-02 16:24:14.801] [default] [INFO] [app.go:149] Generated messageID: 1775118254801025172
[2026-04-02 16:24:14.806] [default] [INFO] [app.go:149] Generated messageID: 1775118254806099135
[2026-04-02 16:29:10.010] [default] [INFO] [app.go:47] Adding conversation with ID: 1775118550010594 and Title: 几点了
[2026-04-02 16:29:10.010] [default] [INFO] [conversationop.go:84] Adding with ID: 1775118550010594 and Title: 几点了
[2026-04-02 16:29:10.019] [default] [INFO] [app.go:60] Getting conversation with ID: 1775118550010594
[2026-04-02 16:29:10.019] [default] [INFO] [app.go:55] Conversation with ID: 1775118550010594 added successfully
[2026-04-02 16:29:10.019] [default] [INFO] [app.go:149] Generated messageID: 1775118550019069446
[2026-04-02 16:29:10.022] [default] [INFO] [app.go:127] Sending message to conversation successfully
[2026-04-02 16:29:10.023] [default] [INFO] [dialogop.go:28] GetDialogsByMessageID: map[chatID:1775118550010594 content:几点了 messageID:1775118550019069446 role:user timestamp:2026-04-02 08:29:10 +0000 UTC]
[2026-04-02 16:29:10.023] [default] [INFO] [app.go:105] Getting message for conversation with messageID: 1775118550019069446 map[chatID:1775118550010594 content:几点了 messageID:1775118550019069446 role:user timestamp:2026-04-02 08:29:10 +0000 UTC]
[2026-04-02 16:29:10.023] [default] [INFO] [app.go:200] Getting dispatcher for conversation with ChatID: 1775118550010594 &{0x7a5eede2f30 0x7ff6ae1862a0 0x7a5eede2f90 0x7a5eed5a770 0x7a5eed5a7e0 0x7a5eed5a850 <nil>}
[2026-04-02 16:29:10.023] [default] [INFO] [app.go:138] Sending message to conversation successfully
[2026-04-02 16:29:10.023] [default] [INFO] [app.go:200] Getting dispatcher for conversation with ChatID: 1775118550010594 &{0x7a5eede2f30 0x7ff6ae1862a0 0x7a5eede2f90 0x7a5eed5a770 0x7a5eed5a7e0 0x7a5eed5a850 <nil>}
[2026-04-02 16:29:10.023] [default] [INFO] [dispatcher.go:72] Dispatcher 处理消息: 几点了
[2026-04-02 16:29:10.023] [default] [INFO] [dispatcher.go:76] context 中没有 Intent,重新确认意图...
[2026-04-02 16:29:10.023] [default] [INFO] [app.go:149] Generated messageID: 1775118550023035517
[2026-04-02 16:29:10.023] [default] [INFO] [app.go:200] Getting dispatcher for conversation with ChatID: 1775118550010594 &{0x7a5eede2f30 0x7ff6ae1862a0 0x7a5eede2f90 0x7a5eed5a770 0x7a5eed5a7e0 0x7a5eed5a850 <nil>}
[2026-04-02 16:29:10.023] [default] [INFO] [app.go:149] Generated messageID: 1775118550023006311
[2026-04-02 16:29:10.024] [default] [INFO] [localMemory.go:60] SetSystemPrompt called
[2026-04-02 16:29:10.024] [default] [INFO] [localMemory.go:90] GetMessages called for chatID: 1775118550010594
[2026-04-02 16:29:10.024] [default] [INFO] [localMemory.go:94] Messages found for chatID:%!(EXTRA string=1775118550010594)
[2026-04-02 16:29:10.024] [default] [INFO] [proxy.go:178] convertMessages
[2026-04-02 16:29:10.551] [default] [INFO] [proxy.go:101] 发送请求成功
[2026-04-02 16:29:10.551] [default] [INFO] [responeScanner.go:27] 开始处理流式响应: &{200 OK 200 HTTP/2.0 2 0 map[Content-Type:[text/event-stream;charset=UTF-8] Date:[Thu, 02 Apr 2026 08:29:10 GMT] Req-Arrive-Time:[1775118550367] Req-Cost-Time:[365] Resp-Start-Time:[1775118550733] Server:[istio-envoy] Vary:[Origin] X-Dashscope-Call-Gateway:[true] X-Envoy-Upstream-Service-Time:[364] X-Request-Id:[5541fe28-7dcd-9c2a-9fd1-648a96208e6b]] 0x7a5ef1100e0 -1 [] false false map[] 0x7a5eefca140 0x7a5eeba8840}
[2026-04-02 16:29:17.456] [default] [INFO] [responeScanner.go:129] 返回调用tools: []
[2026-04-02 16:29:17.456] [default] [INFO] [responeScanner.go:134] 流式响应处理完成，返回结果
[2026-04-02 16:29:17.456] [default] [INFO] [proxy.go:73] 处理响应成功
[2026-04-02 16:29:17.456] [default] [INFO] [dispatcher.go:99] 切换到工具模式
[2026-04-02 16:29:17.456] [default] [INFO] [dispatcher.go:196] 对话系统提示词已加载...
[2026-04-02 16:29:17.456] [default] [INFO] [agent.go:71] Agent begin to handle chat
[2026-04-02 16:29:17.456] [default] [INFO] [agent.go:74] chatId: 1775118550010594
[2026-04-02 16:29:17.456] [default] [INFO] [localMemory.go:90] GetMessages called for chatID: 1775118550010594
[2026-04-02 16:29:17.456] [default] [INFO] [localMemory.go:94] Messages found for chatID:%!(EXTRA string=1775118550010594)
[2026-04-02 16:29:17.457] [default] [INFO] [proxy.go:178] convertMessages
[2026-04-02 16:29:17.465] [default] [INFO] [app.go:149] Generated messageID: 1775118557465070109
[2026-04-02 16:29:17.467] [default] [INFO] [app.go:149] Generated messageID: 1775118557467091856
[2026-04-02 16:29:17.910] [default] [INFO] [proxy.go:101] 发送请求成功
[2026-04-02 16:29:17.910] [default] [INFO] [responeScanner.go:27] 开始处理流式响应: &{200 OK 200 HTTP/2.0 2 0 map[Content-Type:[text/event-stream;charset=UTF-8] Date:[Thu, 02 Apr 2026 08:29:17 GMT] Req-Arrive-Time:[1775118557792] Req-Cost-Time:[305] Resp-Start-Time:[1775118558098] Server:[istio-envoy] Vary:[Origin] X-Dashscope-Call-Gateway:[true] X-Envoy-Upstream-Service-Time:[304] X-Request-Id:[76ca8fc7-4f19-95b2-8a73-965c41e08226]] 0x7a5eef12600 -1 [] false false map[] 0x7a5eefca3c0 0x7a5ef004240}
[2026-04-02 16:29:18.255] [default] [INFO] [responeScanner.go:129] 返回调用tools: [{"id":"call_8bc31fca704e47a192ea52bc","type":"function","function":{"name":"get_current_time","arguments":"{}"},"index":0}]
[2026-04-02 16:29:18.255] [default] [INFO] [responeScanner.go:134] 流式响应处理完成，返回结果
[2026-04-02 16:29:18.255] [default] [INFO] [proxy.go:73] 处理响应成功
[2026-04-02 16:29:18.255] [default] [INFO] [agent.go:98] 开始记忆返回信息
[2026-04-02 16:29:18.255] [default] [INFO] [agent.go:104] 开始执行工具:
[2026-04-02 16:29:18.255] [default] [INFO] [agent.go:128] 执行工具信息: {"id":"call_8bc31fca704e47a192ea52bc","type":"function","function":{"name":"get_current_time","arguments":"{}"},"index":0}
[2026-04-02 16:29:18.255] [default] [INFO] [agent.go:156] 开始调用工具get_current_time, 参数是{}
[2026-04-02 16:29:18.256] [default] [INFO] [agent.go:169] 工具get_current_time执行成功: 当前时间: 2026-04-02 16:29:18
星期: 星期四
农历: 丙午年二十五

[2026-04-02 16:29:18.256] [default] [INFO] [agent.go:174] 工具执行完成,继续请求模型生成最终回复
[2026-04-02 16:29:18.256] [default] [INFO] [agent.go:71] Agent begin to handle chat
[2026-04-02 16:29:18.256] [default] [INFO] [agent.go:74] chatId: 1775118550010594
[2026-04-02 16:29:18.257] [default] [INFO] [localMemory.go:90] GetMessages called for chatID: 1775118550010594
[2026-04-02 16:29:18.257] [default] [INFO] [localMemory.go:94] Messages found for chatID:%!(EXTRA string=1775118550010594)
[2026-04-02 16:29:18.257] [default] [INFO] [proxy.go:178] convertMessages
[2026-04-02 16:29:18.264] [default] [INFO] [app.go:149] Generated messageID: 1775118558263022798
[2026-04-02 16:29:18.266] [default] [INFO] [app.go:149] Generated messageID: 1775118558266036272
[2026-04-02 16:29:18.568] [default] [INFO] [proxy.go:101] 发送请求成功
[2026-04-02 16:29:18.568] [default] [INFO] [responeScanner.go:27] 开始处理流式响应: &{200 OK 200 HTTP/2.0 2 0 map[Content-Type:[text/event-stream;charset=UTF-8] Date:[Thu, 02 Apr 2026 08:29:18 GMT] Req-Arrive-Time:[1775118558477] Req-Cost-Time:[275] Resp-Start-Time:[1775118558753] Server:[istio-envoy] Vary:[Origin] X-Dashscope-Call-Gateway:[true] X-Envoy-Upstream-Service-Time:[274] X-Request-Id:[43e90f0a-7044-9cbc-8554-4648ede1bbf3]] 0x7a5eec180c0 -1 [] false false map[] 0x7a5eecea640 0x7a5ef004240}
[2026-04-02 16:29:19.199] [default] [INFO] [responeScanner.go:129] 返回调用tools: []
[2026-04-02 16:29:19.199] [default] [INFO] [responeScanner.go:134] 流式响应处理完成，返回结果
[2026-04-02 16:29:19.199] [default] [INFO] [proxy.go:73] 处理响应成功
[2026-04-02 16:29:19.199] [default] [INFO] [agent.go:98] 开始记忆返回信息
[2026-04-02 16:29:19.202] [default] [INFO] [app.go:149] Generated messageID: 1775118559202003670
[2026-04-02 16:29:19.205] [default] [INFO] [app.go:149] Generated messageID: 1775118559205063642
[2026-04-02 16:30:17.445] [default] [INFO] [app.go:149] Generated messageID: 1775118617445082771
[2026-04-02 16:30:17.453] [default] [INFO] [app.go:127] Sending message to conversation successfully
[2026-04-02 16:30:17.454] [default] [INFO] [dialogop.go:28] GetDialogsByMessageID: map[chatID:1775118550010594 content:杭州天气怎么样 messageID:1775118617445082771 role:user timestamp:2026-04-02 08:30:17 +0000 UTC]
[2026-04-02 16:30:17.454] [default] [INFO] [app.go:105] Getting message for conversation with messageID: 1775118617445082771 map[chatID:1775118550010594 content:杭州天气怎么样 messageID:1775118617445082771 role:user timestamp:2026-04-02 08:30:17 +0000 UTC]
[2026-04-02 16:30:17.454] [default] [INFO] [app.go:200] Getting dispatcher for conversation with ChatID: 1775118550010594 &{0x7a5eede2f30 0x7ff6ae1862a0 0x7a5eede2f90 0x7a5eed5a770 0x7a5eed5a7e0 0x7a5eed5a850 0x7a5ef186a80}
[2026-04-02 16:30:17.454] [default] [INFO] [app.go:138] Sending message to conversation successfully
[2026-04-02 16:30:17.454] [default] [INFO] [dispatcher.go:72] Dispatcher 处理消息: 杭州天气怎么样
[2026-04-02 16:30:17.454] [default] [INFO] [dispatcher.go:99] 切换到工具模式
[2026-04-02 16:30:17.454] [default] [INFO] [dispatcher.go:196] 对话系统提示词已加载...
[2026-04-02 16:30:17.454] [default] [INFO] [agent.go:71] Agent begin to handle chat
[2026-04-02 16:30:17.454] [default] [INFO] [agent.go:74] chatId: 1775118550010594
[2026-04-02 16:30:17.454] [default] [INFO] [localMemory.go:90] GetMessages called for chatID: 1775118550010594
[2026-04-02 16:30:17.454] [default] [INFO] [localMemory.go:94] Messages found for chatID:%!(EXTRA string=1775118550010594)
[2026-04-02 16:30:17.454] [default] [INFO] [proxy.go:178] convertMessages
[2026-04-02 16:30:17.688] [default] [INFO] [proxy.go:101] 发送请求成功
[2026-04-02 16:30:17.688] [default] [INFO] [responeScanner.go:27] 开始处理流式响应: &{200 OK 200 HTTP/2.0 2 0 map[Content-Type:[text/event-stream;charset=UTF-8] Date:[Thu, 02 Apr 2026 08:30:17 GMT] Req-Arrive-Time:[1775118617676] Req-Cost-Time:[194] Resp-Start-Time:[1775118617870] Server:[istio-envoy] Vary:[Origin] X-Dashscope-Call-Gateway:[true] X-Envoy-Upstream-Service-Time:[194] X-Request-Id:[6e6e680e-3c27-9526-8a4d-129f25285a32]] 0x7a5eed83320 -1 [] false false map[] 0x7a5eeceaa00 0x7a5ef004240}
[2026-04-02 16:30:18.172] [default] [INFO] [responeScanner.go:129] 返回调用tools: [{"id":"call_6b4901c65b5e4ef9a02fe5a6","type":"function","function":{"name":"weather_query","arguments":"{\"properties\": \"{\\\"city\\\": \\\"杭州\\\"}\", \"required\": \"[\\\"city\\\"]\", \"type\": \"object\"}"},"index":0}]
[2026-04-02 16:30:18.172] [default] [INFO] [responeScanner.go:134] 流式响应处理完成，返回结果
[2026-04-02 16:30:18.172] [default] [INFO] [proxy.go:73] 处理响应成功
[2026-04-02 16:30:18.172] [default] [INFO] [agent.go:98] 开始记忆返回信息
[2026-04-02 16:30:18.172] [default] [INFO] [agent.go:104] 开始执行工具:
[2026-04-02 16:30:18.172] [default] [INFO] [agent.go:128] 执行工具信息: {"id":"call_6b4901c65b5e4ef9a02fe5a6","type":"function","function":{"name":"weather_query","arguments":"{\"properties\": \"{\\\"city\\\": \\\"杭州\\\"}\", \"required\": \"[\\\"city\\\"]\", \"type\": \"object\"}"},"index":0}
[2026-04-02 16:30:18.172] [default] [ERROR] [agent.go:150] 工具weather_query不存在
[2026-04-02 16:30:18.172] [default] [INFO] [agent.go:174] 工具执行完成,继续请求模型生成最终回复
[2026-04-02 16:30:18.172] [default] [INFO] [agent.go:71] Agent begin to handle chat
[2026-04-02 16:30:18.172] [default] [INFO] [agent.go:74] chatId: 1775118550010594
[2026-04-02 16:30:18.172] [default] [INFO] [localMemory.go:90] GetMessages called for chatID: 1775118550010594
[2026-04-02 16:30:18.172] [default] [INFO] [localMemory.go:94] Messages found for chatID:%!(EXTRA string=1775118550010594)
[2026-04-02 16:30:18.172] [default] [INFO] [proxy.go:178] convertMessages
[2026-04-02 16:30:18.172] [default] [ERROR] [proxy.go:193] 工具 weather_query 不存在
[2026-04-02 16:30:18.180] [default] [INFO] [app.go:149] Generated messageID: 1775118618180086915
[2026-04-02 16:30:18.183] [default] [INFO] [app.go:149] Generated messageID: 1775118618183040275
[2026-04-02 16:30:18.407] [default] [INFO] [proxy.go:101] 发送请求成功
[2026-04-02 16:30:18.407] [default] [INFO] [responeScanner.go:27] 开始处理流式响应: &{200 OK 200 HTTP/2.0 2 0 map[Content-Type:[text/event-stream;charset=UTF-8] Date:[Thu, 02 Apr 2026 08:30:18 GMT] Req-Arrive-Time:[1775118618393] Req-Cost-Time:[203] Resp-Start-Time:[1775118618596] Server:[istio-envoy] Vary:[Origin] X-Dashscope-Call-Gateway:[true] X-Envoy-Upstream-Service-Time:[202] X-Request-Id:[b82848fb-5dcb-9197-9406-9e50cd4a062b]] 0x7a5eed83540 -1 [] false false map[] 0x7a5eede72c0 0x7a5ef004240}
[2026-04-02 16:30:20.155] [default] [INFO] [responeScanner.go:129] 返回调用tools: []
[2026-04-02 16:30:20.155] [default] [INFO] [responeScanner.go:134] 流式响应处理完成，返回结果
[2026-04-02 16:30:20.155] [default] [INFO] [proxy.go:73] 处理响应成功
[2026-04-02 16:30:20.155] [default] [INFO] [agent.go:98] 开始记忆返回信息
[2026-04-02 16:30:20.163] [default] [INFO] [app.go:149] Generated messageID: 1775118620163066243
[2026-04-02 16:30:20.166] [default] [INFO] [app.go:149] Generated messageID: 1775118620166078641
[2026-04-02 16:33:24.192] [default] [INFO] [app.go:149] Generated messageID: 1775118804192072576
[2026-04-02 16:33:24.201] [default] [INFO] [app.go:127] Sending message to conversation successfully
[2026-04-02 16:33:24.201] [default] [INFO] [dialogop.go:28] GetDialogsByMessageID: map[chatID:1775118550010594 content:仔细核对一下工具名字 messageID:1775118804192072576 role:user timestamp:2026-04-02 08:33:24 +0000 UTC]
[2026-04-02 16:33:24.201] [default] [INFO] [app.go:105] Getting message for conversation with messageID: 1775118804192072576 map[chatID:1775118550010594 content:仔细核对一下工具名字 messageID:1775118804192072576 role:user timestamp:2026-04-02 08:33:24 +0000 UTC]
[2026-04-02 16:33:24.201] [default] [INFO] [app.go:200] Getting dispatcher for conversation with ChatID: 1775118550010594 &{0x7a5eede2f30 0x7ff6ae1862a0 0x7a5eede2f90 0x7a5eed5a770 0x7a5eed5a7e0 0x7a5eed5a850 0x7a5ef186a80}
[2026-04-02 16:33:24.201] [default] [INFO] [app.go:138] Sending message to conversation successfully
[2026-04-02 16:33:24.201] [default] [INFO] [dispatcher.go:72] Dispatcher 处理消息: 仔细核对一下工具名字
[2026-04-02 16:33:24.202] [default] [INFO] [dispatcher.go:99] 切换到工具模式
[2026-04-02 16:33:24.202] [default] [INFO] [dispatcher.go:196] 对话系统提示词已加载...
[2026-04-02 16:33:24.202] [default] [INFO] [agent.go:71] Agent begin to handle chat
[2026-04-02 16:33:24.202] [default] [INFO] [agent.go:74] chatId: 1775118550010594
[2026-04-02 16:33:24.202] [default] [INFO] [localMemory.go:90] GetMessages called for chatID: 1775118550010594
[2026-04-02 16:33:24.202] [default] [INFO] [localMemory.go:94] Messages found for chatID:%!(EXTRA string=1775118550010594)
[2026-04-02 16:33:24.202] [default] [INFO] [proxy.go:178] convertMessages
[2026-04-02 16:33:24.202] [default] [ERROR] [proxy.go:193] 工具 weather_query 不存在
[2026-04-02 16:33:24.583] [default] [INFO] [proxy.go:101] 发送请求成功
[2026-04-02 16:33:24.583] [default] [INFO] [responeScanner.go:27] 开始处理流式响应: &{200 OK 200 HTTP/2.0 2 0 map[Content-Type:[text/event-stream;charset=UTF-8] Date:[Thu, 02 Apr 2026 08:33:24 GMT] Req-Arrive-Time:[1775118804555] Req-Cost-Time:[218] Resp-Start-Time:[1775118804773] Server:[istio-envoy] Vary:[Origin] X-Dashscope-Call-Gateway:[true] X-Envoy-Upstream-Service-Time:[218] X-Request-Id:[86b84a4f-19c6-9e9b-b380-ae8fc28d6e26]] 0x7a5ef110080 -1 [] false false map[] 0x7a5eefca140 0x7a5eed72300}
[2026-04-02 16:33:27.818] [default] [INFO] [responeScanner.go:129] 返回调用tools: []
[2026-04-02 16:33:27.818] [default] [INFO] [responeScanner.go:134] 流式响应处理完成，返回结果
[2026-04-02 16:33:27.818] [default] [INFO] [proxy.go:73] 处理响应成功
[2026-04-02 16:33:27.818] [default] [INFO] [agent.go:98] 开始记忆返回信息
[2026-04-02 16:33:27.827] [default] [INFO] [app.go:149] Generated messageID: 1775118807826007487
[2026-04-02 16:33:27.830] [default] [INFO] [app.go:149] Generated messageID: 1775118807830035685
[2026-04-02 16:33:54.314] [default] [INFO] [app.go:149] Generated messageID: 1775118834314048022
[2026-04-02 16:33:54.322] [default] [INFO] [app.go:127] Sending message to conversation successfully
[2026-04-02 16:33:54.323] [default] [INFO] [dialogop.go:28] GetDialogsByMessageID: map[chatID:1775118550010594 content:使用正确的工具名字再试试 messageID:1775118834314048022 role:user timestamp:2026-04-02 08:33:54 +0000 UTC]
[2026-04-02 16:33:54.323] [default] [INFO] [app.go:105] Getting message for conversation with messageID: 1775118834314048022 map[chatID:1775118550010594 content:使用正确的工具名字再试试 messageID:1775118834314048022 role:user timestamp:2026-04-02 08:33:54 +0000 UTC]
[2026-04-02 16:33:54.323] [default] [INFO] [app.go:200] Getting dispatcher for conversation with ChatID: 1775118550010594 &{0x7a5eede2f30 0x7ff6ae1862a0 0x7a5eede2f90 0x7a5eed5a770 0x7a5eed5a7e0 0x7a5eed5a850 0x7a5ef186a80}
[2026-04-02 16:33:54.323] [default] [INFO] [app.go:138] Sending message to conversation successfully
[2026-04-02 16:33:54.323] [default] [INFO] [dispatcher.go:72] Dispatcher 处理消息: 使用正确的工具名字再试试
[2026-04-02 16:33:54.323] [default] [INFO] [dispatcher.go:99] 切换到工具模式
[2026-04-02 16:33:54.323] [default] [INFO] [dispatcher.go:196] 对话系统提示词已加载...
[2026-04-02 16:33:54.323] [default] [INFO] [agent.go:71] Agent begin to handle chat
[2026-04-02 16:33:54.323] [default] [INFO] [agent.go:74] chatId: 1775118550010594
[2026-04-02 16:33:54.323] [default] [INFO] [localMemory.go:90] GetMessages called for chatID: 1775118550010594
[2026-04-02 16:33:54.323] [default] [INFO] [localMemory.go:94] Messages found for chatID:%!(EXTRA string=1775118550010594)
[2026-04-02 16:33:54.323] [default] [INFO] [proxy.go:178] convertMessages
[2026-04-02 16:33:54.323] [default] [ERROR] [proxy.go:193] 工具 weather_query 不存在
[2026-04-02 16:33:54.624] [default] [INFO] [proxy.go:101] 发送请求成功
[2026-04-02 16:33:54.624] [default] [INFO] [responeScanner.go:27] 开始处理流式响应: &{200 OK 200 HTTP/2.0 2 0 map[Content-Type:[text/event-stream;charset=UTF-8] Date:[Thu, 02 Apr 2026 08:33:54 GMT] Req-Arrive-Time:[1775118834550] Req-Cost-Time:[264] Resp-Start-Time:[1775118834815] Server:[istio-envoy] Vary:[Origin] X-Dashscope-Call-Gateway:[true] X-Envoy-Upstream-Service-Time:[264] X-Request-Id:[109e7cd7-0a75-90f6-9e2c-a9f0d24d342b]] 0x7a5eec180a0 -1 [] false false map[] 0x7a5eefcab40 0x7a5eed72300}
[2026-04-02 16:33:55.893] [default] [INFO] [responeScanner.go:129] 返回调用tools: [{"id":"call_1f1afa0a424e49b4aada4a7a","type":"function","function":{"name":"weather","arguments":"{\"properties\": \"{\\\"city\\\": \\\"杭州\\\"}\", \"required\": \"[]\", \"type\": \"object\"}"},"index":0}]
[2026-04-02 16:33:55.893] [default] [INFO] [responeScanner.go:134] 流式响应处理完成，返回结果
[2026-04-02 16:33:55.893] [default] [INFO] [proxy.go:73] 处理响应成功
[2026-04-02 16:33:55.893] [default] [INFO] [agent.go:98] 开始记忆返回信息
[2026-04-02 16:33:55.893] [default] [INFO] [agent.go:104] 开始执行工具:
[2026-04-02 16:33:55.893] [default] [INFO] [agent.go:128] 执行工具信息: {"id":"call_1f1afa0a424e49b4aada4a7a","type":"function","function":{"name":"weather","arguments":"{\"properties\": \"{\\\"city\\\": \\\"杭州\\\"}\", \"required\": \"[]\", \"type\": \"object\"}"},"index":0}
[2026-04-02 16:33:55.893] [default] [ERROR] [agent.go:150] 工具weather不存在
[2026-04-02 16:33:55.893] [default] [INFO] [agent.go:174] 工具执行完成,继续请求模型生成最终回复
[2026-04-02 16:33:55.893] [default] [INFO] [agent.go:71] Agent begin to handle chat
[2026-04-02 16:33:55.893] [default] [INFO] [agent.go:74] chatId: 1775118550010594
[2026-04-02 16:33:55.893] [default] [INFO] [localMemory.go:90] GetMessages called for chatID: 1775118550010594
[2026-04-02 16:33:55.893] [default] [INFO] [localMemory.go:94] Messages found for chatID:%!(EXTRA string=1775118550010594)
[2026-04-02 16:33:55.893] [default] [INFO] [proxy.go:178] convertMessages
[2026-04-02 16:33:55.893] [default] [ERROR] [proxy.go:193] 工具 weather_query 不存在
[2026-04-02 16:33:55.893] [default] [ERROR] [proxy.go:193] 工具 weather 不存在
[2026-04-02 16:33:55.896] [default] [INFO] [app.go:149] Generated messageID: 1775118835896075330
[2026-04-02 16:33:55.898] [default] [INFO] [app.go:149] Generated messageID: 1775118835898058736
[2026-04-02 16:33:56.273] [default] [INFO] [proxy.go:101] 发送请求成功
[2026-04-02 16:33:56.273] [default] [INFO] [responeScanner.go:27] 开始处理流式响应: &{200 OK 200 HTTP/2.0 2 0 map[Content-Type:[text/event-stream;charset=UTF-8] Date:[Thu, 02 Apr 2026 08:33:56 GMT] Req-Arrive-Time:[1775118836119] Req-Cost-Time:[344] Resp-Start-Time:[1775118836464] Server:[istio-envoy] Vary:[Origin] X-Dashscope-Call-Gateway:[true] X-Envoy-Upstream-Service-Time:[344] X-Request-Id:[439634cc-2e14-9486-b207-dcc20930d18c]] 0x7a5eec18b60 -1 [] false false map[] 0x7a5eecea8c0 0x7a5eed72300}
[2026-04-02 16:34:01.859] [default] [INFO] [responeScanner.go:129] 返回调用tools: [{"id":"call_a4bc103b12f24e2da0d82501","type":"function","function":{"name":"get_weather","arguments":"{\"city\": \"杭州\"}"},"index":0}]
[2026-04-02 16:34:01.859] [default] [INFO] [responeScanner.go:134] 流式响应处理完成，返回结果
[2026-04-02 16:34:01.859] [default] [INFO] [proxy.go:73] 处理响应成功
[2026-04-02 16:34:01.859] [default] [INFO] [agent.go:98] 开始记忆返回信息
[2026-04-02 16:34:01.859] [default] [INFO] [agent.go:104] 开始执行工具:
[2026-04-02 16:34:01.859] [default] [INFO] [agent.go:128] 执行工具信息: {"id":"call_a4bc103b12f24e2da0d82501","type":"function","function":{"name":"get_weather","arguments":"{\"city\": \"杭州\"}"},"index":0}
[2026-04-02 16:34:01.859] [default] [ERROR] [agent.go:150] 工具get_weather不存在
[2026-04-02 16:34:01.859] [default] [INFO] [agent.go:174] 工具执行完成,继续请求模型生成最终回复
[2026-04-02 16:34:01.859] [default] [INFO] [agent.go:71] Agent begin to handle chat
[2026-04-02 16:34:01.859] [default] [INFO] [agent.go:74] chatId: 1775118550010594
[2026-04-02 16:34:01.859] [default] [INFO] [localMemory.go:90] GetMessages called for chatID: 1775118550010594
[2026-04-02 16:34:01.859] [default] [INFO] [localMemory.go:94] Messages found for chatID:%!(EXTRA string=1775118550010594)
[2026-04-02 16:34:01.859] [default] [INFO] [proxy.go:178] convertMessages
[2026-04-02 16:34:01.859] [default] [ERROR] [proxy.go:193] 工具 weather_query 不存在
[2026-04-02 16:34:01.859] [default] [ERROR] [proxy.go:193] 工具 weather 不存在
[2026-04-02 16:34:01.859] [default] [ERROR] [proxy.go:193] 工具 get_weather 不存在
[2026-04-02 16:34:01.868] [default] [INFO] [app.go:149] Generated messageID: 1775118841868080248
[2026-04-02 16:34:01.870] [default] [INFO] [app.go:149] Generated messageID: 1775118841870056461
[2026-04-02 16:34:02.168] [default] [INFO] [proxy.go:101] 发送请求成功
[2026-04-02 16:34:02.168] [default] [INFO] [responeScanner.go:27] 开始处理流式响应: &{200 OK 200 HTTP/2.0 2 0 map[Content-Type:[text/event-stream;charset=UTF-8] Date:[Thu, 02 Apr 2026 08:34:02 GMT] Req-Arrive-Time:[1775118842085] Req-Cost-Time:[274] Resp-Start-Time:[1775118842359] Server:[istio-envoy] Vary:[Origin] X-Dashscope-Call-Gateway:[true] X-Envoy-Upstream-Service-Time:[272] X-Request-Id:[7e9ce356-a5e1-9580-ae1a-b2da78077ff6]] 0x7a5eed83600 -1 [] false false map[] 0x7a5eecea640 0x7a5eed72300}
[2026-04-02 16:34:03.778] [default] [INFO] [responeScanner.go:129] 返回调用tools: []
[2026-04-02 16:34:03.778] [default] [INFO] [responeScanner.go:134] 流式响应处理完成，返回结果
[2026-04-02 16:34:03.778] [default] [INFO] [proxy.go:73] 处理响应成功
[2026-04-02 16:34:03.778] [default] [INFO] [agent.go:98] 开始记忆返回信息
[2026-04-02 16:34:03.787] [default] [INFO] [app.go:149] Generated messageID: 1775118843787061636
[2026-04-02 16:34:03.790] [default] [INFO] [app.go:149] Generated messageID: 1775118843790072048
[2026-04-02 16:35:47.352] [default] [INFO] [app.go:149] Generated messageID: 1775118947352040513
[2026-04-02 16:35:47.356] [default] [INFO] [app.go:127] Sending message to conversation successfully
[2026-04-02 16:35:47.357] [default] [INFO] [dialogop.go:28] GetDialogsByMessageID: map[chatID:1775118550010594 content:现在你能调用哪些工具 messageID:1775118947352040513 role:user timestamp:2026-04-02 08:35:47 +0000 UTC]
[2026-04-02 16:35:47.357] [default] [INFO] [app.go:105] Getting message for conversation with messageID: 1775118947352040513 map[chatID:1775118550010594 content:现在你能调用哪些工具 messageID:1775118947352040513 role:user timestamp:2026-04-02 08:35:47 +0000 UTC]
[2026-04-02 16:35:47.357] [default] [INFO] [app.go:200] Getting dispatcher for conversation with ChatID: 1775118550010594 &{0x1bf911d08f90 0x7ff75bac62a0 0x1bf911d08ff0 0x1bf911d1eb60 0x1bf911d1ebd0 0x1bf911d1ec40 <nil>}
[2026-04-02 16:35:47.357] [default] [INFO] [app.go:138] Sending message to conversation successfully
[2026-04-02 16:35:47.357] [default] [INFO] [app.go:200] Getting dispatcher for conversation with ChatID: 1775118550010594 &{0x1bf911d08f90 0x7ff75bac62a0 0x1bf911d08ff0 0x1bf911d1eb60 0x1bf911d1ebd0 0x1bf911d1ec40 <nil>}
[2026-04-02 16:35:47.357] [default] [INFO] [app.go:149] Generated messageID: 1775118947357031214
[2026-04-02 16:35:47.357] [default] [INFO] [dispatcher.go:72] Dispatcher 处理消息: 现在你能调用哪些工具
[2026-04-02 16:35:47.357] [default] [INFO] [dispatcher.go:76] context 中没有 Intent,重新确认意图...
[2026-04-02 16:35:47.357] [default] [INFO] [app.go:200] Getting dispatcher for conversation with ChatID: 1775118550010594 &{0x1bf911d08f90 0x7ff75bac62a0 0x1bf911d08ff0 0x1bf911d1eb60 0x1bf911d1ebd0 0x1bf911d1ec40 <nil>}
[2026-04-02 16:35:47.357] [default] [INFO] [app.go:149] Generated messageID: 1775118947357087943
[2026-04-02 16:35:47.358] [default] [INFO] [localMemory.go:60] SetSystemPrompt called
[2026-04-02 16:35:47.358] [default] [INFO] [localMemory.go:90] GetMessages called for chatID: 1775118550010594
[2026-04-02 16:35:47.358] [default] [INFO] [localMemory.go:94] Messages found for chatID:%!(EXTRA string=1775118550010594)
[2026-04-02 16:35:47.358] [default] [INFO] [proxy.go:178] convertMessages
[2026-04-02 16:35:47.358] [default] [INFO] [proxy.go:89] 开始发送请求 &{POST https://dashscope.aliyuncs.com/compatible-mode/v1/chat/completions HTTP/1.1 1 1 map[Authorization:[Bearer sk-da6d7a7da1914f6581d4825d7b790389] Content-Type:[application/json]] {{"model":"qwen3.5-flash","messages":[{"role":"system","content":"You are an intent classification module in an AI agent system.\n\nYour task is to classify the user's request into exactly ONE of the following categories:\nMUST start with { and end with } and follow the JSON format strictly,or it will be considered as an error.\n\nIF the request is ambiguous, set \"requires_clarification\" to true.\n\n1. PLAN\n- The request requires multi-step reasoning, task decomposition, or long-term execution.\n- The task cannot be completed in a single tool call.\n- The user intent implies a workflow, pipeline, or goal-oriented process.\n- Examples: \"Build a trading bot\", \"Help me plan a trip\", \"Analyze and summarize a dataset step by step\"\n\n2. TOOL  \n- The request can be completed with a single tool/function call.\n- No complex reasoning or planning is required.\n- The request is atomic and well-defined.\n- Examples: \"Search for latest Bitcoin price\", \"Translate this sentence to Chinese\", \"Get weather in New York\"\n\n3. CHAT\n- The request is conversational, explanatory, or opinion-based.\n- No tool usage is required.\n- Examples: \"What is blockchain?\", \"Do you think AI is dangerous?\", \"Explain Kubernetes simply\"\n\n4. SWITCH\n- User explicitly requests to change the current mode/intention.\n- Keywords: \"切换到\", \"switch to\", \"change to\", \"mode\"\n- Examples: \"切换到工具模式\", \"switch to tool mode\", \"change to planning mode\"\n\n---\n\n## Output Requirements (STRICT)\n\nYou MUST return a JSON object with the following structure:\n\n{\n  \"intent\": \"PLAN | TOOL | CHAT | SWITCH\",\n  \"confidence\": 0.0-1.0,\n  \"reason\": \"short explanation\",\n  \"requires_clarification\": true | false\n}\n\n---\n\n## Additional Rules\n\n- If uncertain about intent classification, set \"requires_clarification\" to true.\n- Prefer TOOL over PLAN if a single tool can reasonably satisfy the request.\n- Prefer CHAT if no execution is required.\n- For SWITCH intent, only classify when user explicitly mentions mode switching.\n- DO NOT output anything other than JSON."},{"role":"user","content":"这个json的message这是用户请求,TOOL_LIST是可用的工具列表,根据这个信息，帮我判断用户请求的意图:{\n  \"message\": \"现在你能调用哪些工具\",\n  \"TOOL_LIST\": [\n    {\n      \"description\": \"Calculates time by adding or subtracting duration from current time. Args format: 'operation:duration' where operation is 'add' or 'subtract', and duration is like '1h30m' (hours and minutes)\",\n      \"name\": \"calculate_time\",\n      \"parameters\": {\n        \"properties\": {\n          \"duration\": {\n            \"description\": \"The duration to add or subtract, e.g., '1h30m' for 1 hour and 30 minutes\",\n            \"type\": \"string\"\n          },\n          \"operation\": {\n            \"description\": \"The operation to perform: 'add' or 'subtract'\",\n            \"type\": \"string\"\n          }\n        },\n        \"required\": [\n          \"operation\",\n          \"duration\"\n        ],\n        \"type\": \"object\"\n      }\n    },\n    {\n      \"description\": \"\\n\\tWrites a chunk of content to a file at a specific offset.\\n\\t\\n\\tThis tool is designed for writing large files that exceed the token limit.\\n\\tYou should break down large content into smaller chunks and call this tool\\n\\tmultiple times, each with a different offset.\\n\\t\\n\\tIMPORTANT: \\n\\t- The first call should have offset = 0\\n\\t- Subsequent calls should have offset equal to total size of previously written content\\n\\t- The last chunk should have is_last = true\\n\\t- If is_last is true, file will be truncated at current offset + content length\\n\\t- CRITICAL: Each chunk must not exceed 100 characters to ensure reliable processing\\n\\t\\n\\tTo use this tool:\\n\\t1. Provide the actual filename, content, offset, and is_last values\\n\\t2. Do NOT provide the parameter schema/definition\\n\\t3. Call this tool multiple times for large files, each time with the next offset\\n\\t\\n\\tArgs (example values):\\n\\t{\\n\\t  \\\"filename\\\": \\\"large_file.txt\\\",\\n\\t  \\\"content\\\": \\\"First part of the content...\\\",\\n\\t  \\\"offset\\\": 0,\\n\\t  \\\"is_last\\\": false\\n\\t}\\n\\t\\n\\tExample usage for writing a large file:\\n\\t1. First chunk:\\n\\t   write_file_chunk({\\n\\t     \\\"filename\\\": \\\"large_file.txt\\\",\\n\\t     \\\"content\\\": \\\"First part of the content...\\\",\\n\\t     \\\"offset\\\": 0,\\n\\t     \\\"is_last\\\": false\\n\\t   })\\n\\t   \\n\\t2. Second chunk:\\n\\t   write_file_chunk({\\n\\t     \\\"filename\\\": \\\"large_file.txt\\\",\\n\\t     \\\"content\\\": \\\"Second part of the content...\\\",\\n\\t     \\\"offset\\\": 1024,\\n\\t     \\\"is_last\\\": false\\n\\t   })\\n\\t   \\n\\t3. Last chunk:\\n\\t   write_file_chunk({\\n\\t     \\\"filename\\\": \\\"large_file.txt\\\",\\n\\t     \\\"content\\\": \\\"Last part of the content...\\\",\\n\\t     \\\"offset\\\": 2048,\\n\\t     \\\"is_last\\\": true\\n\\t   })\\n\\t   \\n\\tNote: When writing large files, ensure each chunk is within the 100 character limit\\n\\tfor reliable processing. If a chunk exceeds this limit, it may be truncated or fail.\\n\\t\",\n      \"name\": \"write_file_chunk\",\n      \"parameters\": {\n        \"properties\": {\n          \"content\": {\n            \"description\": \"The content chunk to write to the file.\",\n            \"type\": \"string\"\n          },\n          \"filename\": {\n            \"description\": \"The path to the file. Can be an absolute path or a relative path.\",\n            \"type\": \"string\"\n          },\n          \"is_last\": {\n            \"description\": \"True if this is the last chunk, false otherwise.\",\n            \"type\": \"boolean\"\n          },\n          \"offset\": {\n            \"description\": \"The byte offset in the file where this chunk should be written.\",\n            \"type\": \"integer\"\n          }\n        },\n        \"required\": [\n          \"filename\",\n          \"content\",\n          \"offset\",\n          \"is_last\"\n        ],\n        \"type\": \"object\"\n      }\n    },\n    {\n      \"description\": \"Tool for getting the current real-time date and time from the server. MUST use this tool when user asks about current time, today's date, or any time-related questions requiring real-time information. Returns date, time, weekday, lunar date, and holiday information.只要对话里涉及时间的要应该先调用这个接口获取当前时间，再根据用户需求进行回复\",\n      \"name\": \"get_current_time\",\n      \"parameters\": {\n        \"properties\": {},\n        \"required\": [],\n        \"type\": \"object\"\n      }\n    },\n    {\n      \"description\": \"\\nQuery financial market data and generate structured analysis.\\n\\nUse this tool when:\\n- The user asks about stock market, crypto, or financial markets\\n- The query involves price, trend, or investment conditions\\n- The user asks about \\\"today market\\\", \\\"market situation\\\", \\\"price movement\\\"\\n\\nYou MUST use this tool instead of general search when the question is about financial markets.\\n\\nThis tool provides structured insights including:\\n- Trend analysis\\n- Volatility\\n- Risk level\\n- Market sentiment\\n\\nValid symbol examples:\\n- Stocks: AAPL, MSFT, GOOGL, TSLA\\n- Crypto: BTC-USD, ETH-USD\\n- Indices: ^GSPC (S\\u0026P 500), ^DJI (Dow Jones)\\n\\nIMPORTANT: Always provide a valid market symbol in the 'symbol' parameter.\\nIf user doesn't specify a symbol, use a default like 'AAPL' or ask the user.\\n\\nDo NOT rely on search tools for market data if this tool is available.\\n\",\n      \"name\": \"query_market\",\n      \"parameters\": {\n        \"properties\": {\n          \"symbol\": {\n            \"description\": \"Market symbol (e.g., AAPL, BTC-USD, ^GSPC)\",\n            \"type\": \"string\"\n          }\n        },\n        \"required\": [\n          \"symbol\"\n        ],\n        \"type\": \"object\"\n      }\n    },\n    {\n      \"description\": \"Converts a location name (city, address, landmark) into latitude and longitude coordinates. Input should be a place name like 'Beijing', 'New York', or 'Eiffel Tower'. Returns the coordinates and additional location details.\",\n      \"name\": \"geocoding\",\n      \"parameters\": {\n        \"properties\": {\n          \"location\": {\n            \"description\": \"The location name to geocode. Must use 'location' as the parameter name. Examples: 'Beijing', 'Times Square', 'Tokyo Tower'\",\n            \"type\": \"string\"\n          }\n        },\n        \"required\": [\n          \"location\"\n        ],\n        \"type\": \"object\"\n      }\n    },\n    {\n      \"description\": \"Get weather and forecast information for a specific location. This tool provides comprehensive weather data including temperature, humidity, wind speed, precipitation probability, and weather conditions. Use this tool when user asks about weather, temperature, or forecast for any location. Requires latitude and longitude coordinates of the location.\",\n      \"name\": \"query_weather\",\n      \"parameters\": {\n        \"properties\": {\n          \"days\": {\n            \"description\": \"Number of days to forecast (default: 7, max: 16)\",\n            \"type\": \"integer\"\n          },\n          \"latitude\": {\n            \"description\": \"The latitude coordinate of the location (e.g., 39.9042 for Beijing)\",\n            \"type\": \"string\"\n          },\n          \"longitude\": {\n            \"description\": \"The longitude coordinate of the location (e.g., 116.4074 for Beijing)\",\n            \"type\": \"string\"\n          }\n        },\n        \"required\": [\n          \"latitude\",\n          \"longitude\"\n        ],\n        \"type\": \"object\"\n      }\n    },\n    {\n      \"description\": \"传入date获取date对应日期和时间的详细信息，只要问今天适合干什么，问今天的运势，只要关于运气，玄学等等关于气运的都要调用这个接口。\\n\\t支持星座、儒略日、干支、生肖、节气、节日、彭祖百忌、吉神(喜神/福神/财神/阳贵神/阴贵神)方位、胎神方位、冲煞、纳音、星宿、八字、五行、十神、建除十二值星、青龙名堂等十二神、黄道日及吉凶、法定节假日及调休等,about almanac\",\n      \"name\": \"get_date_info_about_almanac\",\n      \"parameters\": {\n        \"properties\": {\n          \"date\": {\n            \"description\": \"必要参数，指定查询的日期，格式为'YYYY-MM-DD'，如'2023-01-01'，或者不指定，则默认为当前时间\",\n            \"type\": \"string\"\n          }\n        },\n        \"required\": [\n          \"date\"\n        ],\n        \"type\": \"object\"\n      }\n    }\n  ]\n}"}],"stream":true,"max_tokens":3000}} 0x7ff75c2375e0 10993 [] false dashscope.aliyuncs.com map[] map[] <nil> map[]   <nil> <nil> <nil>  {{}} <nil> [] map[]}
[2026-04-02 16:35:47.936] [default] [INFO] [proxy.go:101] 发送请求成功
[2026-04-02 16:35:47.936] [default] [INFO] [responeScanner.go:27] 开始处理流式响应: &{200 OK 200 HTTP/2.0 2 0 map[Content-Type:[text/event-stream;charset=UTF-8] Date:[Thu, 02 Apr 2026 08:35:47 GMT] Req-Arrive-Time:[1775118947744] Req-Cost-Time:[388] Resp-Start-Time:[1775118948132] Server:[istio-envoy] Vary:[Origin] X-Dashscope-Call-Gateway:[true] X-Envoy-Upstream-Service-Time:[385] X-Request-Id:[13d20057-9566-9484-bd3e-df39d2d7aeeb]] 0x1bf911bac320 -1 [] false false map[] 0x1bf911bf32c0 0x1bf911d1c300}
[2026-04-02 16:35:55.820] [default] [INFO] [responeScanner.go:129] 返回调用tools: []
[2026-04-02 16:35:55.820] [default] [INFO] [responeScanner.go:134] 流式响应处理完成，返回结果
[2026-04-02 16:35:55.820] [default] [INFO] [proxy.go:73] 处理响应成功
[2026-04-02 16:35:55.820] [default] [INFO] [dispatcher.go:93] 切换到聊天模式
[2026-04-02 16:35:55.820] [default] [INFO] [dispatcher.go:186] 对话系统提示词已加载...
[2026-04-02 16:35:55.820] [default] [INFO] [localMemory.go:90] GetMessages called for chatID: 1775118550010594
[2026-04-02 16:35:55.820] [default] [INFO] [localMemory.go:94] Messages found for chatID:%!(EXTRA string=1775118550010594)
[2026-04-02 16:35:55.820] [default] [INFO] [proxy.go:178] convertMessages
[2026-04-02 16:35:55.820] [default] [INFO] [proxy.go:89] 开始发送请求 &{POST https://dashscope.aliyuncs.com/compatible-mode/v1/chat/completions HTTP/1.1 1 1 map[Authorization:[Bearer sk-da6d7a7da1914f6581d4825d7b790389] Content-Type:[application/json]] {{"model":"qwen3.5-flash","messages":[{"role":"system","content":"You are an intelligent assistant capable of conducting natural conversations."},{"role":"user","content":"现在你能调用哪些工具"}],"stream":true,"max_tokens":3000}} 0x7ff75c2375e0 237 [] false dashscope.aliyuncs.com map[] map[] <nil> map[]   <nil> <nil> <nil>  {{}} <nil> [] map[]}
[2026-04-02 16:35:55.824] [default] [INFO] [app.go:149] Generated messageID: 1775118955824028737
[2026-04-02 16:35:55.826] [default] [INFO] [app.go:149] Generated messageID: 1775118955826039254
[2026-04-02 16:35:59.281] [default] [INFO] [proxy.go:101] 发送请求成功
[2026-04-02 16:35:59.281] [default] [INFO] [responeScanner.go:27] 开始处理流式响应: &{200 OK 200 HTTP/2.0 2 0 map[Content-Type:[text/event-stream;charset=UTF-8] Date:[Thu, 02 Apr 2026 08:35:59 GMT] Req-Arrive-Time:[1775118956161] Req-Cost-Time:[3312] Resp-Start-Time:[1775118959474] Server:[istio-envoy] Vary:[Origin] X-Dashscope-Call-Gateway:[true] X-Envoy-Upstream-Service-Time:[3312] X-Request-Id:[aa1fe7ba-4e75-9355-8fe3-e4cedc84a0a3]] 0x1bf911a0e980 -1 [] false false map[] 0x1bf911b388c0 0x1bf9119f66c0}
[2026-04-02 16:36:04.765] [default] [INFO] [responeScanner.go:129] 返回调用tools: []
[2026-04-02 16:36:04.765] [default] [INFO] [responeScanner.go:134] 流式响应处理完成，返回结果
[2026-04-02 16:36:04.765] [default] [INFO] [proxy.go:73] 处理响应成功
[2026-04-02 16:36:04.774] [default] [INFO] [app.go:149] Generated messageID: 1775118964774075196
[2026-04-02 16:36:04.776] [default] [INFO] [app.go:149] Generated messageID: 1775118964776005921
[2026-04-02 16:36:27.275] [default] [INFO] [app.go:149] Generated messageID: 1775118987275023128
[2026-04-02 16:36:27.278] [default] [INFO] [app.go:127] Sending message to conversation successfully
[2026-04-02 16:36:27.278] [default] [INFO] [dialogop.go:28] GetDialogsByMessageID: map[chatID:1775118550010594 content:你的toolslist里有什么 messageID:1775118987275023128 role:user timestamp:2026-04-02 08:36:27 +0000 UTC]
[2026-04-02 16:36:27.278] [default] [INFO] [app.go:105] Getting message for conversation with messageID: 1775118987275023128 map[chatID:1775118550010594 content:你的toolslist里有什么 messageID:1775118987275023128 role:user timestamp:2026-04-02 08:36:27 +0000 UTC]
[2026-04-02 16:36:27.279] [default] [INFO] [app.go:200] Getting dispatcher for conversation with ChatID: 1775118550010594 &{0x1bf911d08f90 0x7ff75bac62a0 0x1bf911d08ff0 0x1bf911d1eb60 0x1bf911d1ebd0 0x1bf911d1ec40 0x1bf911a34840}
[2026-04-02 16:36:27.279] [default] [INFO] [app.go:138] Sending message to conversation successfully
[2026-04-02 16:36:27.279] [default] [INFO] [dispatcher.go:72] Dispatcher 处理消息: 你的toolslist里有什么
[2026-04-02 16:36:27.279] [default] [INFO] [dispatcher.go:93] 切换到聊天模式
[2026-04-02 16:36:27.279] [default] [INFO] [dispatcher.go:186] 对话系统提示词已加载...
[2026-04-02 16:36:27.279] [default] [INFO] [localMemory.go:90] GetMessages called for chatID: 1775118550010594
[2026-04-02 16:36:27.279] [default] [INFO] [localMemory.go:94] Messages found for chatID:%!(EXTRA string=1775118550010594)
[2026-04-02 16:36:27.279] [default] [INFO] [proxy.go:178] convertMessages
[2026-04-02 16:36:27.279] [default] [INFO] [proxy.go:89] 开始发送请求 &{POST https://dashscope.aliyuncs.com/compatible-mode/v1/chat/completions HTTP/1.1 1 1 map[Authorization:[Bearer sk-da6d7a7da1914f6581d4825d7b790389] Content-Type:[application/json]] {{"model":"qwen3.5-flash","messages":[{"role":"system","content":"You are an intelligent assistant capable of conducting natural conversations."},{"role":"user","content":"现在你能调用哪些工具"},{"role":"system","content":"You are an intelligent assistant capable of conducting natural conversations."},{"role":"user","content":"你的toolslist里有什么"}],"stream":true,"max_tokens":3000}} 0x7ff75c2375e0 401 [] false dashscope.aliyuncs.com map[] map[] <nil> map[]   <nil> <nil> <nil>  {{}} <nil> [] map[]}
[2026-04-02 16:36:27.656] [default] [INFO] [proxy.go:101] 发送请求成功
[2026-04-02 16:36:27.656] [default] [INFO] [responeScanner.go:27] 开始处理流式响应: &{200 OK 200 HTTP/2.0 2 0 map[Content-Type:[text/event-stream;charset=UTF-8] Date:[Thu, 02 Apr 2026 08:36:27 GMT] Req-Arrive-Time:[1775118987631] Req-Cost-Time:[217] Resp-Start-Time:[1775118987848] Server:[istio-envoy] Vary:[Origin] X-Dashscope-Call-Gateway:[true] X-Envoy-Upstream-Service-Time:[217] X-Request-Id:[5aa85943-0261-9275-a322-14a2211a186b]] 0x1bf911a0e4e0 -1 [] false false map[] 0x1bf911b38b40 0x1bf911d1c3c0}
[2026-04-02 16:36:43.234] [default] [INFO] [responeScanner.go:129] 返回调用tools: []
[2026-04-02 16:36:43.234] [default] [INFO] [responeScanner.go:134] 流式响应处理完成，返回结果
[2026-04-02 16:36:43.234] [default] [INFO] [proxy.go:73] 处理响应成功
[2026-04-02 16:36:43.236] [default] [INFO] [app.go:149] Generated messageID: 1775119003236027493
[2026-04-02 16:36:43.239] [default] [INFO] [app.go:149] Generated messageID: 1775119003239048972
[2026-04-02 16:37:16.003] [default] [INFO] [app.go:149] Generated messageID: 1775119036003021019
[2026-04-02 16:37:16.012] [default] [INFO] [app.go:127] Sending message to conversation successfully
[2026-04-02 16:37:16.012] [default] [INFO] [dialogop.go:28] GetDialogsByMessageID: map[chatID:1775118550010594 content:现在几点了 messageID:1775119036003021019 role:user timestamp:2026-04-02 08:37:16 +0000 UTC]
[2026-04-02 16:37:16.012] [default] [INFO] [app.go:105] Getting message for conversation with messageID: 1775119036003021019 map[chatID:1775118550010594 content:现在几点了 messageID:1775119036003021019 role:user timestamp:2026-04-02 08:37:16 +0000 UTC]
[2026-04-02 16:37:16.013] [default] [INFO] [app.go:200] Getting dispatcher for conversation with ChatID: 1775118550010594 &{0x1bf911d08f90 0x7ff75bac62a0 0x1bf911d08ff0 0x1bf911d1eb60 0x1bf911d1ebd0 0x1bf911d1ec40 0x1bf911a34840}
[2026-04-02 16:37:16.013] [default] [INFO] [app.go:138] Sending message to conversation successfully
[2026-04-02 16:37:16.013] [default] [INFO] [dispatcher.go:72] Dispatcher 处理消息: 现在几点了
[2026-04-02 16:37:16.013] [default] [INFO] [dispatcher.go:93] 切换到聊天模式
[2026-04-02 16:37:16.013] [default] [INFO] [dispatcher.go:186] 对话系统提示词已加载...
[2026-04-02 16:37:16.013] [default] [INFO] [localMemory.go:90] GetMessages called for chatID: 1775118550010594
[2026-04-02 16:37:16.013] [default] [INFO] [localMemory.go:94] Messages found for chatID:%!(EXTRA string=1775118550010594)
[2026-04-02 16:37:16.013] [default] [INFO] [proxy.go:178] convertMessages
[2026-04-02 16:37:16.013] [default] [INFO] [proxy.go:89] 开始发送请求 &{POST https://dashscope.aliyuncs.com/compatible-mode/v1/chat/completions HTTP/1.1 1 1 map[Authorization:[Bearer sk-da6d7a7da1914f6581d4825d7b790389] Content-Type:[application/json]] {{"model":"qwen3.5-flash","messages":[{"role":"system","content":"You are an intelligent assistant capable of conducting natural conversations."},{"role":"user","content":"现在你能调用哪些工具"},{"role":"system","content":"You are an intelligent assistant capable of conducting natural conversations."},{"role":"user","content":"你的toolslist里有什么"},{"role":"system","content":"You are an intelligent assistant capable of conducting natural conversations."},{"role":"user","content":"现在几点了"}],"stream":true,"max_tokens":3000}} 0x7ff75c2375e0 553 [] false dashscope.aliyuncs.com map[] map[] <nil> map[]   <nil> <nil> <nil>  {{}} <nil> [] map[]}
[2026-04-02 16:37:16.377] [default] [INFO] [proxy.go:101] 发送请求成功
[2026-04-02 16:37:16.377] [default] [INFO] [responeScanner.go:27] 开始处理流式响应: &{200 OK 200 HTTP/2.0 2 0 map[Content-Type:[text/event-stream;charset=UTF-8] Date:[Thu, 02 Apr 2026 08:37:16 GMT] Req-Arrive-Time:[1775119036377] Req-Cost-Time:[191] Resp-Start-Time:[1775119036568] Server:[istio-envoy] Vary:[Origin] X-Dashscope-Call-Gateway:[true] X-Envoy-Upstream-Service-Time:[191] X-Request-Id:[c3dd1e1b-b059-9d0d-8703-db36fb78cc6f]] 0x1bf911c05140 -1 [] false false map[] 0x1bf911b38780 0x1bf9119f6780}
[2026-04-02 16:37:33.033] [default] [INFO] [responeScanner.go:129] 返回调用tools: []
[2026-04-02 16:37:33.033] [default] [INFO] [responeScanner.go:134] 流式响应处理完成，返回结果
[2026-04-02 16:37:33.033] [default] [INFO] [proxy.go:73] 处理响应成功
[2026-04-02 16:37:33.042] [default] [INFO] [app.go:149] Generated messageID: 1775119053042081115
[2026-04-02 16:37:33.045] [default] [INFO] [app.go:149] Generated messageID: 1775119053045094360
[2026-04-02 16:39:51.582] [default] [INFO] [app.go:47] Adding conversation with ID: 1775119191582677 and Title: 帮我规划一下未来三天的杭州旅行，要结合老黄历
[2026-04-02 16:39:51.582] [default] [INFO] [conversationop.go:84] Adding with ID: 1775119191582677 and Title: 帮我规划一下未来三天的杭州旅行，要结合老黄历
[2026-04-02 16:39:51.589] [default] [INFO] [app.go:60] Getting conversation with ID: 1775119191582677
[2026-04-02 16:39:51.590] [default] [INFO] [app.go:55] Conversation with ID: 1775119191582677 added successfully
[2026-04-02 16:39:51.590] [default] [INFO] [app.go:149] Generated messageID: 1775119191590084402
[2026-04-02 16:39:51.594] [default] [INFO] [app.go:127] Sending message to conversation successfully
[2026-04-02 16:39:51.594] [default] [INFO] [dialogop.go:28] GetDialogsByMessageID: map[chatID:1775119191582677 content:帮我规划一下未来三天的杭州旅行，要结合老黄历 messageID:1775119191590084402 role:user timestamp:2026-04-02 08:39:51 +0000 UTC]
[2026-04-02 16:39:51.594] [default] [INFO] [app.go:105] Getting message for conversation with messageID: 1775119191590084402 map[chatID:1775119191582677 content:帮我规划一下未来三天的杭州旅行，要结合老黄历 messageID:1775119191590084402 role:user timestamp:2026-04-02 08:39:51 +0000 UTC]
[2026-04-02 16:39:51.595] [default] [INFO] [app.go:200] Getting dispatcher for conversation with ChatID: 1775119191582677 &{0x1bf911e487b0 0x7ff75bac62a0 0x1bf911e48810 0x1bf911ba91f0 0x1bf911ba9260 0x1bf911ba92d0 <nil>}
[2026-04-02 16:39:51.595] [default] [INFO] [app.go:138] Sending message to conversation successfully
[2026-04-02 16:39:51.595] [default] [INFO] [app.go:200] Getting dispatcher for conversation with ChatID: 1775119191582677 &{0x1bf911e487b0 0x7ff75bac62a0 0x1bf911e48810 0x1bf911ba91f0 0x1bf911ba9260 0x1bf911ba92d0 <nil>}
[2026-04-02 16:39:51.595] [default] [INFO] [app.go:149] Generated messageID: 1775119191595018675
[2026-04-02 16:39:51.595] [default] [INFO] [dispatcher.go:72] Dispatcher 处理消息: 帮我规划一下未来三天的杭州旅行，要结合老黄历
[2026-04-02 16:39:51.595] [default] [INFO] [dispatcher.go:76] context 中没有 Intent,重新确认意图...
[2026-04-02 16:39:51.595] [default] [INFO] [app.go:200] Getting dispatcher for conversation with ChatID: 1775119191582677 &{0x1bf911e487b0 0x7ff75bac62a0 0x1bf911e48810 0x1bf911ba91f0 0x1bf911ba9260 0x1bf911ba92d0 <nil>}
[2026-04-02 16:39:51.595] [default] [INFO] [app.go:149] Generated messageID: 1775119191595084423
[2026-04-02 16:39:51.595] [default] [INFO] [localMemory.go:60] SetSystemPrompt called
[2026-04-02 16:39:51.595] [default] [INFO] [localMemory.go:90] GetMessages called for chatID: 1775119191582677
[2026-04-02 16:39:51.595] [default] [INFO] [localMemory.go:94] Messages found for chatID:%!(EXTRA string=1775119191582677)
[2026-04-02 16:39:51.595] [default] [INFO] [proxy.go:178] convertMessages
[2026-04-02 16:39:51.596] [default] [INFO] [proxy.go:89] 开始发送请求 &{POST https://dashscope.aliyuncs.com/compatible-mode/v1/chat/completions HTTP/1.1 1 1 map[Authorization:[Bearer sk-da6d7a7da1914f6581d4825d7b790389] Content-Type:[application/json]] {{"model":"qwen3.5-flash","messages":[{"role":"system","content":"You are an intent classification module in an AI agent system.\n\nYour task is to classify the user's request into exactly ONE of the following categories:\nMUST start with { and end with } and follow the JSON format strictly,or it will be considered as an error.\n\nIF the request is ambiguous, set \"requires_clarification\" to true.\n\n1. PLAN\n- The request requires multi-step reasoning, task decomposition, or long-term execution.\n- The task cannot be completed in a single tool call.\n- The user intent implies a workflow, pipeline, or goal-oriented process.\n- Examples: \"Build a trading bot\", \"Help me plan a trip\", \"Analyze and summarize a dataset step by step\"\n\n2. TOOL  \n- The request can be completed with a single tool/function call.\n- No complex reasoning or planning is required.\n- The request is atomic and well-defined.\n- Examples: \"Search for latest Bitcoin price\", \"Translate this sentence to Chinese\", \"Get weather in New York\"\n\n3. CHAT\n- The request is conversational, explanatory, or opinion-based.\n- No tool usage is required.\n- Examples: \"What is blockchain?\", \"Do you think AI is dangerous?\", \"Explain Kubernetes simply\"\n\n4. SWITCH\n- User explicitly requests to change the current mode/intention.\n- Keywords: \"切换到\", \"switch to\", \"change to\", \"mode\"\n- Examples: \"切换到工具模式\", \"switch to tool mode\", \"change to planning mode\"\n\n---\n\n## Output Requirements (STRICT)\n\nYou MUST return a JSON object with the following structure:\n\n{\n  \"intent\": \"PLAN | TOOL | CHAT | SWITCH\",\n  \"confidence\": 0.0-1.0,\n  \"reason\": \"short explanation\",\n  \"requires_clarification\": true | false\n}\n\n---\n\n## Additional Rules\n\n- If uncertain about intent classification, set \"requires_clarification\" to true.\n- Prefer TOOL over PLAN if a single tool can reasonably satisfy the request.\n- Prefer CHAT if no execution is required.\n- For SWITCH intent, only classify when user explicitly mentions mode switching.\n- DO NOT output anything other than JSON."},{"role":"user","content":"这个json的message这是用户请求,TOOL_LIST是可用的工具列表,根据这个信息，帮我判断用户请求的意图:{\n  \"message\": \"帮我规划一下未来三天的杭州旅行，要结合老黄历\",\n  \"TOOL_LIST\": [\n    {\n      \"description\": \"Tool for getting the current real-time date and time from the server. MUST use this tool when user asks about current time, today's date, or any time-related questions requiring real-time information. Returns date, time, weekday, lunar date, and holiday information.只要对话里涉及时间的要应该先调用这个接口获取当前时间，再根据用户需求进行回复\",\n      \"name\": \"get_current_time\",\n      \"parameters\": {\n        \"properties\": {},\n        \"required\": [],\n        \"type\": \"object\"\n      }\n    },\n    {\n      \"description\": \"\\nQuery financial market data and generate structured analysis.\\n\\nUse this tool when:\\n- The user asks about stock market, crypto, or financial markets\\n- The query involves price, trend, or investment conditions\\n- The user asks about \\\"today market\\\", \\\"market situation\\\", \\\"price movement\\\"\\n\\nYou MUST use this tool instead of general search when the question is about financial markets.\\n\\nThis tool provides structured insights including:\\n- Trend analysis\\n- Volatility\\n- Risk level\\n- Market sentiment\\n\\nValid symbol examples:\\n- Stocks: AAPL, MSFT, GOOGL, TSLA\\n- Crypto: BTC-USD, ETH-USD\\n- Indices: ^GSPC (S\\u0026P 500), ^DJI (Dow Jones)\\n\\nIMPORTANT: Always provide a valid market symbol in the 'symbol' parameter.\\nIf user doesn't specify a symbol, use a default like 'AAPL' or ask the user.\\n\\nDo NOT rely on search tools for market data if this tool is available.\\n\",\n      \"name\": \"query_market\",\n      \"parameters\": {\n        \"properties\": {\n          \"symbol\": {\n            \"description\": \"Market symbol (e.g., AAPL, BTC-USD, ^GSPC)\",\n            \"type\": \"string\"\n          }\n        },\n        \"required\": [\n          \"symbol\"\n        ],\n        \"type\": \"object\"\n      }\n    },\n    {\n      \"description\": \"Converts a location name (city, address, landmark) into latitude and longitude coordinates. Input should be a place name like 'Beijing', 'New York', or 'Eiffel Tower'. Returns the coordinates and additional location details.\",\n      \"name\": \"geocoding\",\n      \"parameters\": {\n        \"properties\": {\n          \"location\": {\n            \"description\": \"The location name to geocode. Must use 'location' as the parameter name. Examples: 'Beijing', 'Times Square', 'Tokyo Tower'\",\n            \"type\": \"string\"\n          }\n        },\n        \"required\": [\n          \"location\"\n        ],\n        \"type\": \"object\"\n      }\n    },\n    {\n      \"description\": \"Get weather and forecast information for a specific location. This tool provides comprehensive weather data including temperature, humidity, wind speed, precipitation probability, and weather conditions. Use this tool when user asks about weather, temperature, or forecast for any location. Requires latitude and longitude coordinates of the location.\",\n      \"name\": \"query_weather\",\n      \"parameters\": {\n        \"properties\": {\n          \"days\": {\n            \"description\": \"Number of days to forecast (default: 7, max: 16)\",\n            \"type\": \"integer\"\n          },\n          \"latitude\": {\n            \"description\": \"The latitude coordinate of the location (e.g., 39.9042 for Beijing)\",\n            \"type\": \"string\"\n          },\n          \"longitude\": {\n            \"description\": \"The longitude coordinate of the location (e.g., 116.4074 for Beijing)\",\n            \"type\": \"string\"\n          }\n        },\n        \"required\": [\n          \"latitude\",\n          \"longitude\"\n        ],\n        \"type\": \"object\"\n      }\n    },\n    {\n      \"description\": \"传入date获取date对应日期和时间的详细信息，只要问今天适合干什么，问今天的运势，只要关于运气，玄学等等关于气运的都要调用这个接口。\\n\\t支持星座、儒略日、干支、生肖、节气、节日、彭祖百忌、吉神(喜神/福神/财神/阳贵神/阴贵神)方位、胎神方位、冲煞、纳音、星宿、八字、五行、十神、建除十二值星、青龙名堂等十二神、黄道日及吉凶、法定节假日及调休等,about almanac\",\n      \"name\": \"get_date_info_about_almanac\",\n      \"parameters\": {\n        \"properties\": {\n          \"date\": {\n            \"description\": \"必要参数，指定查询的日期，格式为'YYYY-MM-DD'，如'2023-01-01'，或者不指定，则默认为当前时间\",\n            \"type\": \"string\"\n          }\n        },\n        \"required\": [\n          \"date\"\n        ],\n        \"type\": \"object\"\n      }\n    },\n    {\n      \"description\": \"Calculates time by adding or subtracting duration from current time. Args format: 'operation:duration' where operation is 'add' or 'subtract', and duration is like '1h30m' (hours and minutes)\",\n      \"name\": \"calculate_time\",\n      \"parameters\": {\n        \"properties\": {\n          \"duration\": {\n            \"description\": \"The duration to add or subtract, e.g., '1h30m' for 1 hour and 30 minutes\",\n            \"type\": \"string\"\n          },\n          \"operation\": {\n            \"description\": \"The operation to perform: 'add' or 'subtract'\",\n            \"type\": \"string\"\n          }\n        },\n        \"required\": [\n          \"operation\",\n          \"duration\"\n        ],\n        \"type\": \"object\"\n      }\n    },\n    {\n      \"description\": \"\\n\\tWrites a chunk of content to a file at a specific offset.\\n\\t\\n\\tThis tool is designed for writing large files that exceed the token limit.\\n\\tYou should break down large content into smaller chunks and call this tool\\n\\tmultiple times, each with a different offset.\\n\\t\\n\\tIMPORTANT: \\n\\t- The first call should have offset = 0\\n\\t- Subsequent calls should have offset equal to total size of previously written content\\n\\t- The last chunk should have is_last = true\\n\\t- If is_last is true, file will be truncated at current offset + content length\\n\\t- CRITICAL: Each chunk must not exceed 100 characters to ensure reliable processing\\n\\t\\n\\tTo use this tool:\\n\\t1. Provide the actual filename, content, offset, and is_last values\\n\\t2. Do NOT provide the parameter schema/definition\\n\\t3. Call this tool multiple times for large files, each time with the next offset\\n\\t\\n\\tArgs (example values):\\n\\t{\\n\\t  \\\"filename\\\": \\\"large_file.txt\\\",\\n\\t  \\\"content\\\": \\\"First part of the content...\\\",\\n\\t  \\\"offset\\\": 0,\\n\\t  \\\"is_last\\\": false\\n\\t}\\n\\t\\n\\tExample usage for writing a large file:\\n\\t1. First chunk:\\n\\t   write_file_chunk({\\n\\t     \\\"filename\\\": \\\"large_file.txt\\\",\\n\\t     \\\"content\\\": \\\"First part of the content...\\\",\\n\\t     \\\"offset\\\": 0,\\n\\t     \\\"is_last\\\": false\\n\\t   })\\n\\t   \\n\\t2. Second chunk:\\n\\t   write_file_chunk({\\n\\t     \\\"filename\\\": \\\"large_file.txt\\\",\\n\\t     \\\"content\\\": \\\"Second part of the content...\\\",\\n\\t     \\\"offset\\\": 1024,\\n\\t     \\\"is_last\\\": false\\n\\t   })\\n\\t   \\n\\t3. Last chunk:\\n\\t   write_file_chunk({\\n\\t     \\\"filename\\\": \\\"large_file.txt\\\",\\n\\t     \\\"content\\\": \\\"Last part of the content...\\\",\\n\\t     \\\"offset\\\": 2048,\\n\\t     \\\"is_last\\\": true\\n\\t   })\\n\\t   \\n\\tNote: When writing large files, ensure each chunk is within the 100 character limit\\n\\tfor reliable processing. If a chunk exceeds this limit, it may be truncated or fail.\\n\\t\",\n      \"name\": \"write_file_chunk\",\n      \"parameters\": {\n        \"properties\": {\n          \"content\": {\n            \"description\": \"The content chunk to write to the file.\",\n            \"type\": \"string\"\n          },\n          \"filename\": {\n            \"description\": \"The path to the file. Can be an absolute path or a relative path.\",\n            \"type\": \"string\"\n          },\n          \"is_last\": {\n            \"description\": \"True if this is the last chunk, false otherwise.\",\n            \"type\": \"boolean\"\n          },\n          \"offset\": {\n            \"description\": \"The byte offset in the file where this chunk should be written.\",\n            \"type\": \"integer\"\n          }\n        },\n        \"required\": [\n          \"filename\",\n          \"content\",\n          \"offset\",\n          \"is_last\"\n        ],\n        \"type\": \"object\"\n      }\n    }\n  ]\n}"}],"stream":true,"max_tokens":3000}} 0x7ff75c2375e0 11029 [] false dashscope.aliyuncs.com map[] map[] <nil> map[]   <nil> <nil> <nil>  {{}} <nil> [] map[]}
[2026-04-02 16:39:52.282] [default] [INFO] [proxy.go:101] 发送请求成功
[2026-04-02 16:39:52.282] [default] [INFO] [responeScanner.go:27] 开始处理流式响应: &{200 OK 200 HTTP/2.0 2 0 map[Content-Type:[text/event-stream;charset=UTF-8] Date:[Thu, 02 Apr 2026 08:39:52 GMT] Req-Arrive-Time:[1775119191962] Req-Cost-Time:[511] Resp-Start-Time:[1775119192473] Server:[istio-envoy] Vary:[Origin] X-Dashscope-Call-Gateway:[true] X-Envoy-Upstream-Service-Time:[509] X-Request-Id:[0f431d80-fe41-9122-acef-f81174a60f24]] 0x1bf911c04c40 -1 [] false false map[] 0x1bf911b38500 0x1bf911dba300}
[2026-04-02 16:40:00.389] [default] [INFO] [responeScanner.go:129] 返回调用tools: []
[2026-04-02 16:40:00.389] [default] [INFO] [responeScanner.go:134] 流式响应处理完成，返回结果
[2026-04-02 16:40:00.389] [default] [INFO] [proxy.go:73] 处理响应成功
[2026-04-02 16:40:00.389] [default] [INFO] [dispatcher.go:96] 切换到规划模式
[2026-04-02 16:40:00.390] [default] [INFO] [localMemory.go:60] SetSystemPrompt called
[2026-04-02 16:40:00.390] [default] [INFO] [dispatcher.go:151] planning系统提示词已加载...
[2026-04-02 16:40:00.390] [default] [INFO] [localMemory.go:90] GetMessages called for chatID: 1775119191582677
[2026-04-02 16:40:00.390] [default] [INFO] [localMemory.go:94] Messages found for chatID:%!(EXTRA string=1775119191582677)
[2026-04-02 16:40:00.390] [default] [INFO] [proxy.go:178] convertMessages
[2026-04-02 16:40:00.390] [default] [INFO] [proxy.go:89] 开始发送请求 &{POST https://dashscope.aliyuncs.com/compatible-mode/v1/chat/completions HTTP/1.1 1 1 map[Authorization:[Bearer sk-da6d7a7da1914f6581d4825d7b790389] Content-Type:[application/json]] {{"model":"qwen3.5-flash","messages":[{"role":"system","content":"You are a task planner for an execution engine.\n\nYour job is to convert a user goal into a structured execution plan.\n\nThe plan MUST be a valid JSON object following the exact schema below.\n\nYou MUST NOT execute any tools.\nYou MUST NOT explain anything.\nYou MUST ONLY output JSON.\n\n----------------------------------------\nPLAN FORMAT:\n\n{\n  \"Steps\": [\n    {\n      \"id\": \"string\",\n      \"tool\": \"string\",\n      \"depends_on\": [\"string\"],\n      \"input\": { }\n    }\n  ]\n}\n\n----------------------------------------\nRULES:\nFist of all: MUST output JSON following the exact schema above, or it will be rejected。Start with the { and end with the } and nothing else.\n1. Each step must have a unique \"id\"\n2. \"depends_on\" must reference existing step ids\n3. If a step has no dependencies, use []\n4. Use only the provided tools\n5. Maximize parallel execution where possible\n6. Do NOT create circular dependencies\n7. Keep the plan minimal but complete\n\n----------------------------------------\nINPUT REFERENCES:\n\nTo use output from previous Steps, use:\n\n{ \"ref\": \"\u003cstep_id\u003e.output\" }\n\nExample:\n{\n  \"input\": {\n    \"data\": {\"ref\": \"step_1.output\"}\n  }\n}\n\n----------------------------------------\nAVAILABLE TOOLS:\n\n{{TOOL_LIST}}\n\n----------------------------------------\nOUTPUT REQUIREMENTS:\n\n- Output MUST be valid JSON\n- Do NOT include markdown\n- Do NOT include comments\n- Do NOT include extra text\n\nIf you cannot produce a valid plan, output:\n\n{ \"error\": \"reason\" }\n\nIf you are unsure, just keep asking questions.\nIf you need more information, ask for it.\nIf you need clarification, ask for it.\n"},{"role":"user","content":"这是你的任务模版,你先理解message内容,如过是任务意图,就把它填充到goal字段,进行你的任务规划。如果不是任务意图,请继续询问用户意图,直到你能明确任务目标,能填充goal字段.如果还需要其他信息可以继续提问，最后开始你的规划：{\n  \"message\": \"帮我规划一下未来三天的杭州旅行，要结合老黄历\",\n  \"goal\": \"\",\n  \"TOOL_LIST\": [\n    {\n      \"description\": \"\\n\\tWrites a chunk of content to a file at a specific offset.\\n\\t\\n\\tThis tool is designed for writing large files that exceed the token limit.\\n\\tYou should break down large content into smaller chunks and call this tool\\n\\tmultiple times, each with a different offset.\\n\\t\\n\\tIMPORTANT: \\n\\t- The first call should have offset = 0\\n\\t- Subsequent calls should have offset equal to total size of previously written content\\n\\t- The last chunk should have is_last = true\\n\\t- If is_last is true, file will be truncated at current offset + content length\\n\\t- CRITICAL: Each chunk must not exceed 100 characters to ensure reliable processing\\n\\t\\n\\tTo use this tool:\\n\\t1. Provide the actual filename, content, offset, and is_last values\\n\\t2. Do NOT provide the parameter schema/definition\\n\\t3. Call this tool multiple times for large files, each time with the next offset\\n\\t\\n\\tArgs (example values):\\n\\t{\\n\\t  \\\"filename\\\": \\\"large_file.txt\\\",\\n\\t  \\\"content\\\": \\\"First part of the content...\\\",\\n\\t  \\\"offset\\\": 0,\\n\\t  \\\"is_last\\\": false\\n\\t}\\n\\t\\n\\tExample usage for writing a large file:\\n\\t1. First chunk:\\n\\t   write_file_chunk({\\n\\t     \\\"filename\\\": \\\"large_file.txt\\\",\\n\\t     \\\"content\\\": \\\"First part of the content...\\\",\\n\\t     \\\"offset\\\": 0,\\n\\t     \\\"is_last\\\": false\\n\\t   })\\n\\t   \\n\\t2. Second chunk:\\n\\t   write_file_chunk({\\n\\t     \\\"filename\\\": \\\"large_file.txt\\\",\\n\\t     \\\"content\\\": \\\"Second part of the content...\\\",\\n\\t     \\\"offset\\\": 1024,\\n\\t     \\\"is_last\\\": false\\n\\t   })\\n\\t   \\n\\t3. Last chunk:\\n\\t   write_file_chunk({\\n\\t     \\\"filename\\\": \\\"large_file.txt\\\",\\n\\t     \\\"content\\\": \\\"Last part of the content...\\\",\\n\\t     \\\"offset\\\": 2048,\\n\\t     \\\"is_last\\\": true\\n\\t   })\\n\\t   \\n\\tNote: When writing large files, ensure each chunk is within the 100 character limit\\n\\tfor reliable processing. If a chunk exceeds this limit, it may be truncated or fail.\\n\\t\",\n      \"name\": \"write_file_chunk\",\n      \"parameters\": {\n        \"properties\": {\n          \"content\": {\n            \"description\": \"The content chunk to write to the file.\",\n            \"type\": \"string\"\n          },\n          \"filename\": {\n            \"description\": \"The path to the file. Can be an absolute path or a relative path.\",\n            \"type\": \"string\"\n          },\n          \"is_last\": {\n            \"description\": \"True if this is the last chunk, false otherwise.\",\n            \"type\": \"boolean\"\n          },\n          \"offset\": {\n            \"description\": \"The byte offset in the file where this chunk should be written.\",\n            \"type\": \"integer\"\n          }\n        },\n        \"required\": [\n          \"filename\",\n          \"content\",\n          \"offset\",\n          \"is_last\"\n        ],\n        \"type\": \"object\"\n      }\n    },\n    {\n      \"description\": \"Tool for getting the current real-time date and time from the server. MUST use this tool when user asks about current time, today's date, or any time-related questions requiring real-time information. Returns date, time, weekday, lunar date, and holiday information.只要对话里涉及时间的要应该先调用这个接口获取当前时间，再根据用户需求进行回复\",\n      \"name\": \"get_current_time\",\n      \"parameters\": {\n        \"properties\": {},\n        \"required\": [],\n        \"type\": \"object\"\n      }\n    },\n    {\n      \"description\": \"\\nQuery financial market data and generate structured analysis.\\n\\nUse this tool when:\\n- The user asks about stock market, crypto, or financial markets\\n- The query involves price, trend, or investment conditions\\n- The user asks about \\\"today market\\\", \\\"market situation\\\", \\\"price movement\\\"\\n\\nYou MUST use this tool instead of general search when the question is about financial markets.\\n\\nThis tool provides structured insights including:\\n- Trend analysis\\n- Volatility\\n- Risk level\\n- Market sentiment\\n\\nValid symbol examples:\\n- Stocks: AAPL, MSFT, GOOGL, TSLA\\n- Crypto: BTC-USD, ETH-USD\\n- Indices: ^GSPC (S\\u0026P 500), ^DJI (Dow Jones)\\n\\nIMPORTANT: Always provide a valid market symbol in the 'symbol' parameter.\\nIf user doesn't specify a symbol, use a default like 'AAPL' or ask the user.\\n\\nDo NOT rely on search tools for market data if this tool is available.\\n\",\n      \"name\": \"query_market\",\n      \"parameters\": {\n        \"properties\": {\n          \"symbol\": {\n            \"description\": \"Market symbol (e.g., AAPL, BTC-USD, ^GSPC)\",\n            \"type\": \"string\"\n          }\n        },\n        \"required\": [\n          \"symbol\"\n        ],\n        \"type\": \"object\"\n      }\n    },\n    {\n      \"description\": \"Converts a location name (city, address, landmark) into latitude and longitude coordinates. Input should be a place name like 'Beijing', 'New York', or 'Eiffel Tower'. Returns the coordinates and additional location details.\",\n      \"name\": \"geocoding\",\n      \"parameters\": {\n        \"properties\": {\n          \"location\": {\n            \"description\": \"The location name to geocode. Must use 'location' as the parameter name. Examples: 'Beijing', 'Times Square', 'Tokyo Tower'\",\n            \"type\": \"string\"\n          }\n        },\n        \"required\": [\n          \"location\"\n        ],\n        \"type\": \"object\"\n      }\n    },\n    {\n      \"description\": \"Get weather and forecast information for a specific location. This tool provides comprehensive weather data including temperature, humidity, wind speed, precipitation probability, and weather conditions. Use this tool when user asks about weather, temperature, or forecast for any location. Requires latitude and longitude coordinates of the location.\",\n      \"name\": \"query_weather\",\n      \"parameters\": {\n        \"properties\": {\n          \"days\": {\n            \"description\": \"Number of days to forecast (default: 7, max: 16)\",\n            \"type\": \"integer\"\n          },\n          \"latitude\": {\n            \"description\": \"The latitude coordinate of the location (e.g., 39.9042 for Beijing)\",\n            \"type\": \"string\"\n          },\n          \"longitude\": {\n            \"description\": \"The longitude coordinate of the location (e.g., 116.4074 for Beijing)\",\n            \"type\": \"string\"\n          }\n        },\n        \"required\": [\n          \"latitude\",\n          \"longitude\"\n        ],\n        \"type\": \"object\"\n      }\n    },\n    {\n      \"description\": \"传入date获取date对应日期和时间的详细信息，只要问今天适合干什么，问今天的运势，只要关于运气，玄学等等关于气运的都要调用这个接口。\\n\\t支持星座、儒略日、干支、生肖、节气、节日、彭祖百忌、吉神(喜神/福神/财神/阳贵神/阴贵神)方位、胎神方位、冲煞、纳音、星宿、八字、五行、十神、建除十二值星、青龙名堂等十二神、黄道日及吉凶、法定节假日及调休等,about almanac\",\n      \"name\": \"get_date_info_about_almanac\",\n      \"parameters\": {\n        \"properties\": {\n          \"date\": {\n            \"description\": \"必要参数，指定查询的日期，格式为'YYYY-MM-DD'，如'2023-01-01'，或者不指定，则默认为当前时间\",\n            \"type\": \"string\"\n          }\n        },\n        \"required\": [\n          \"date\"\n        ],\n        \"type\": \"object\"\n      }\n    },\n    {\n      \"description\": \"Calculates time by adding or subtracting duration from current time. Args format: 'operation:duration' where operation is 'add' or 'subtract', and duration is like '1h30m' (hours and minutes)\",\n      \"name\": \"calculate_time\",\n      \"parameters\": {\n        \"properties\": {\n          \"duration\": {\n            \"description\": \"The duration to add or subtract, e.g., '1h30m' for 1 hour and 30 minutes\",\n            \"type\": \"string\"\n          },\n          \"operation\": {\n            \"description\": \"The operation to perform: 'add' or 'subtract'\",\n            \"type\": \"string\"\n          }\n        },\n        \"required\": [\n          \"operation\",\n          \"duration\"\n        ],\n        \"type\": \"object\"\n      }\n    }\n  ]\n}"}],"stream":true,"max_tokens":3000}} 0x7ff75c2375e0 10876 [] false dashscope.aliyuncs.com map[] map[] <nil> map[]   <nil> <nil> <nil>  {{}} <nil> [] map[]}
[2026-04-02 16:40:00.398] [default] [INFO] [app.go:149] Generated messageID: 1775119200398027655
[2026-04-02 16:40:00.401] [default] [INFO] [app.go:149] Generated messageID: 1775119200401043361
[2026-04-02 16:40:00.993] [default] [INFO] [proxy.go:101] 发送请求成功
[2026-04-02 16:40:00.993] [default] [INFO] [responeScanner.go:27] 开始处理流式响应: &{200 OK 200 HTTP/2.0 2 0 map[Content-Type:[text/event-stream;charset=UTF-8] Date:[Thu, 02 Apr 2026 08:40:00 GMT] Req-Arrive-Time:[1775119200765] Req-Cost-Time:[418] Resp-Start-Time:[1775119201183] Server:[istio-envoy] Vary:[Origin] X-Dashscope-Call-Gateway:[true] X-Envoy-Upstream-Service-Time:[416] X-Request-Id:[9a1ed429-02a6-995e-8704-9ea669f3c402]] 0x1bf911c04040 -1 [] false false map[] 0x1bf911d62640 0x1bf911dba240}
[2026-04-02 16:40:04.164] [default] [INFO] [responeScanner.go:129] 返回调用tools: []
[2026-04-02 16:40:04.164] [default] [INFO] [responeScanner.go:134] 流式响应处理完成，返回结果
[2026-04-02 16:40:04.164] [default] [INFO] [proxy.go:73] 处理响应成功
[2026-04-02 16:40:04.164] [default] [INFO] [dispatcher.go:161] Agent 处理消息完成，返回结果: {
  "Steps": [
    {
      "id": "step_1",
      "tool": "get_current_time",
      "depends_on": [],
      "input": {}
    },
    {
      "id": "step_2",
      "tool": "geocoding",
      "depends_on": [],
      "input": {
        "location": "Hangzhou"
      }
    }
  ]
}
[2026-04-02 16:40:04.164] [default] [ERROR] [planner.go:121] Failed to get outputchan from context
[2026-04-02 16:40:04.164] [default] [ERROR] [dispatcher.go:169] 执行规划失败: Failed to get outputchan from context
[2026-04-02 16:40:04.164] [default] [INFO] [localMemory.go:90] GetMessages called for chatID: 1775119191582677
[2026-04-02 16:40:04.164] [default] [INFO] [localMemory.go:94] Messages found for chatID:%!(EXTRA string=1775119191582677)
[2026-04-02 16:40:04.164] [default] [INFO] [proxy.go:178] convertMessages
[2026-04-02 16:40:04.164] [default] [INFO] [proxy.go:89] 开始发送请求 &{POST https://dashscope.aliyuncs.com/compatible-mode/v1/chat/completions HTTP/1.1 1 1 map[Authorization:[Bearer sk-da6d7a7da1914f6581d4825d7b790389] Content-Type:[application/json]] {{"model":"qwen3.5-flash","messages":[{"role":"system","content":"You are a task planner for an execution engine.\n\nYour job is to convert a user goal into a structured execution plan.\n\nThe plan MUST be a valid JSON object following the exact schema below.\n\nYou MUST NOT execute any tools.\nYou MUST NOT explain anything.\nYou MUST ONLY output JSON.\n\n----------------------------------------\nPLAN FORMAT:\n\n{\n  \"Steps\": [\n    {\n      \"id\": \"string\",\n      \"tool\": \"string\",\n      \"depends_on\": [\"string\"],\n      \"input\": { }\n    }\n  ]\n}\n\n----------------------------------------\nRULES:\nFist of all: MUST output JSON following the exact schema above, or it will be rejected。Start with the { and end with the } and nothing else.\n1. Each step must have a unique \"id\"\n2. \"depends_on\" must reference existing step ids\n3. If a step has no dependencies, use []\n4. Use only the provided tools\n5. Maximize parallel execution where possible\n6. Do NOT create circular dependencies\n7. Keep the plan minimal but complete\n\n----------------------------------------\nINPUT REFERENCES:\n\nTo use output from previous Steps, use:\n\n{ \"ref\": \"\u003cstep_id\u003e.output\" }\n\nExample:\n{\n  \"input\": {\n    \"data\": {\"ref\": \"step_1.output\"}\n  }\n}\n\n----------------------------------------\nAVAILABLE TOOLS:\n\n{{TOOL_LIST}}\n\n----------------------------------------\nOUTPUT REQUIREMENTS:\n\n- Output MUST be valid JSON\n- Do NOT include markdown\n- Do NOT include comments\n- Do NOT include extra text\n\nIf you cannot produce a valid plan, output:\n\n{ \"error\": \"reason\" }\n\nIf you are unsure, just keep asking questions.\nIf you need more information, ask for it.\nIf you need clarification, ask for it.\n"},{"role":"user","content":"这是你的任务模版,你先理解message内容,如过是任务意图,就把它填充到goal字段,进行你的任务规划。如果不是任务意图,请继续询问用户意图,直到你能明确任务目标,能填充goal字段.如果还需要其他信息可以继续提问，最后开始你的规划：{\n  \"message\": \"帮我规划一下未来三天的杭州旅行，要结合老黄历\",\n  \"goal\": \"\",\n  \"TOOL_LIST\": [\n    {\n      \"description\": \"\\n\\tWrites a chunk of content to a file at a specific offset.\\n\\t\\n\\tThis tool is designed for writing large files that exceed the token limit.\\n\\tYou should break down large content into smaller chunks and call this tool\\n\\tmultiple times, each with a different offset.\\n\\t\\n\\tIMPORTANT: \\n\\t- The first call should have offset = 0\\n\\t- Subsequent calls should have offset equal to total size of previously written content\\n\\t- The last chunk should have is_last = true\\n\\t- If is_last is true, file will be truncated at current offset + content length\\n\\t- CRITICAL: Each chunk must not exceed 100 characters to ensure reliable processing\\n\\t\\n\\tTo use this tool:\\n\\t1. Provide the actual filename, content, offset, and is_last values\\n\\t2. Do NOT provide the parameter schema/definition\\n\\t3. Call this tool multiple times for large files, each time with the next offset\\n\\t\\n\\tArgs (example values):\\n\\t{\\n\\t  \\\"filename\\\": \\\"large_file.txt\\\",\\n\\t  \\\"content\\\": \\\"First part of the content...\\\",\\n\\t  \\\"offset\\\": 0,\\n\\t  \\\"is_last\\\": false\\n\\t}\\n\\t\\n\\tExample usage for writing a large file:\\n\\t1. First chunk:\\n\\t   write_file_chunk({\\n\\t     \\\"filename\\\": \\\"large_file.txt\\\",\\n\\t     \\\"content\\\": \\\"First part of the content...\\\",\\n\\t     \\\"offset\\\": 0,\\n\\t     \\\"is_last\\\": false\\n\\t   })\\n\\t   \\n\\t2. Second chunk:\\n\\t   write_file_chunk({\\n\\t     \\\"filename\\\": \\\"large_file.txt\\\",\\n\\t     \\\"content\\\": \\\"Second part of the content...\\\",\\n\\t     \\\"offset\\\": 1024,\\n\\t     \\\"is_last\\\": false\\n\\t   })\\n\\t   \\n\\t3. Last chunk:\\n\\t   write_file_chunk({\\n\\t     \\\"filename\\\": \\\"large_file.txt\\\",\\n\\t     \\\"content\\\": \\\"Last part of the content...\\\",\\n\\t     \\\"offset\\\": 2048,\\n\\t     \\\"is_last\\\": true\\n\\t   })\\n\\t   \\n\\tNote: When writing large files, ensure each chunk is within the 100 character limit\\n\\tfor reliable processing. If a chunk exceeds this limit, it may be truncated or fail.\\n\\t\",\n      \"name\": \"write_file_chunk\",\n      \"parameters\": {\n        \"properties\": {\n          \"content\": {\n            \"description\": \"The content chunk to write to the file.\",\n            \"type\": \"string\"\n          },\n          \"filename\": {\n            \"description\": \"The path to the file. Can be an absolute path or a relative path.\",\n            \"type\": \"string\"\n          },\n          \"is_last\": {\n            \"description\": \"True if this is the last chunk, false otherwise.\",\n            \"type\": \"boolean\"\n          },\n          \"offset\": {\n            \"description\": \"The byte offset in the file where this chunk should be written.\",\n            \"type\": \"integer\"\n          }\n        },\n        \"required\": [\n          \"filename\",\n          \"content\",\n          \"offset\",\n          \"is_last\"\n        ],\n        \"type\": \"object\"\n      }\n    },\n    {\n      \"description\": \"Tool for getting the current real-time date and time from the server. MUST use this tool when user asks about current time, today's date, or any time-related questions requiring real-time information. Returns date, time, weekday, lunar date, and holiday information.只要对话里涉及时间的要应该先调用这个接口获取当前时间，再根据用户需求进行回复\",\n      \"name\": \"get_current_time\",\n      \"parameters\": {\n        \"properties\": {},\n        \"required\": [],\n        \"type\": \"object\"\n      }\n    },\n    {\n      \"description\": \"\\nQuery financial market data and generate structured analysis.\\n\\nUse this tool when:\\n- The user asks about stock market, crypto, or financial markets\\n- The query involves price, trend, or investment conditions\\n- The user asks about \\\"today market\\\", \\\"market situation\\\", \\\"price movement\\\"\\n\\nYou MUST use this tool instead of general search when the question is about financial markets.\\n\\nThis tool provides structured insights including:\\n- Trend analysis\\n- Volatility\\n- Risk level\\n- Market sentiment\\n\\nValid symbol examples:\\n- Stocks: AAPL, MSFT, GOOGL, TSLA\\n- Crypto: BTC-USD, ETH-USD\\n- Indices: ^GSPC (S\\u0026P 500), ^DJI (Dow Jones)\\n\\nIMPORTANT: Always provide a valid market symbol in the 'symbol' parameter.\\nIf user doesn't specify a symbol, use a default like 'AAPL' or ask the user.\\n\\nDo NOT rely on search tools for market data if this tool is available.\\n\",\n      \"name\": \"query_market\",\n      \"parameters\": {\n        \"properties\": {\n          \"symbol\": {\n            \"description\": \"Market symbol (e.g., AAPL, BTC-USD, ^GSPC)\",\n            \"type\": \"string\"\n          }\n        },\n        \"required\": [\n          \"symbol\"\n        ],\n        \"type\": \"object\"\n      }\n    },\n    {\n      \"description\": \"Converts a location name (city, address, landmark) into latitude and longitude coordinates. Input should be a place name like 'Beijing', 'New York', or 'Eiffel Tower'. Returns the coordinates and additional location details.\",\n      \"name\": \"geocoding\",\n      \"parameters\": {\n        \"properties\": {\n          \"location\": {\n            \"description\": \"The location name to geocode. Must use 'location' as the parameter name. Examples: 'Beijing', 'Times Square', 'Tokyo Tower'\",\n            \"type\": \"string\"\n          }\n        },\n        \"required\": [\n          \"location\"\n        ],\n        \"type\": \"object\"\n      }\n    },\n    {\n      \"description\": \"Get weather and forecast information for a specific location. This tool provides comprehensive weather data including temperature, humidity, wind speed, precipitation probability, and weather conditions. Use this tool when user asks about weather, temperature, or forecast for any location. Requires latitude and longitude coordinates of the location.\",\n      \"name\": \"query_weather\",\n      \"parameters\": {\n        \"properties\": {\n          \"days\": {\n            \"description\": \"Number of days to forecast (default: 7, max: 16)\",\n            \"type\": \"integer\"\n          },\n          \"latitude\": {\n            \"description\": \"The latitude coordinate of the location (e.g., 39.9042 for Beijing)\",\n            \"type\": \"string\"\n          },\n          \"longitude\": {\n            \"description\": \"The longitude coordinate of the location (e.g., 116.4074 for Beijing)\",\n            \"type\": \"string\"\n          }\n        },\n        \"required\": [\n          \"latitude\",\n          \"longitude\"\n        ],\n        \"type\": \"object\"\n      }\n    },\n    {\n      \"description\": \"传入date获取date对应日期和时间的详细信息，只要问今天适合干什么，问今天的运势，只要关于运气，玄学等等关于气运的都要调用这个接口。\\n\\t支持星座、儒略日、干支、生肖、节气、节日、彭祖百忌、吉神(喜神/福神/财神/阳贵神/阴贵神)方位、胎神方位、冲煞、纳音、星宿、八字、五行、十神、建除十二值星、青龙名堂等十二神、黄道日及吉凶、法定节假日及调休等,about almanac\",\n      \"name\": \"get_date_info_about_almanac\",\n      \"parameters\": {\n        \"properties\": {\n          \"date\": {\n            \"description\": \"必要参数，指定查询的日期，格式为'YYYY-MM-DD'，如'2023-01-01'，或者不指定，则默认为当前时间\",\n            \"type\": \"string\"\n          }\n        },\n        \"required\": [\n          \"date\"\n        ],\n        \"type\": \"object\"\n      }\n    },\n    {\n      \"description\": \"Calculates time by adding or subtracting duration from current time. Args format: 'operation:duration' where operation is 'add' or 'subtract', and duration is like '1h30m' (hours and minutes)\",\n      \"name\": \"calculate_time\",\n      \"parameters\": {\n        \"properties\": {\n          \"duration\": {\n            \"description\": \"The duration to add or subtract, e.g., '1h30m' for 1 hour and 30 minutes\",\n            \"type\": \"string\"\n          },\n          \"operation\": {\n            \"description\": \"The operation to perform: 'add' or 'subtract'\",\n            \"type\": \"string\"\n          }\n        },\n        \"required\": [\n          \"operation\",\n          \"duration\"\n        ],\n        \"type\": \"object\"\n      }\n    }\n  ]\n}"},{"role":"user","content":"执行规划失败，返回的错误是：Failed to get outputchan from context"}],"stream":true,"max_tokens":3000}} 0x7ff75c2375e0 10984 [] false dashscope.aliyuncs.com map[] map[] <nil> map[]   <nil> <nil> <nil>  {{}} <nil> [] map[]}
[2026-04-02 16:40:04.173] [default] [INFO] [app.go:149] Generated messageID: 1775119204173047304
[2026-04-02 16:40:04.176] [default] [INFO] [app.go:149] Generated messageID: 1775119204176094599
[2026-04-02 16:40:04.461] [default] [INFO] [proxy.go:101] 发送请求成功
[2026-04-02 16:40:04.461] [default] [INFO] [responeScanner.go:27] 开始处理流式响应: &{200 OK 200 HTTP/2.0 2 0 map[Content-Type:[text/event-stream;charset=UTF-8] Date:[Thu, 02 Apr 2026 08:40:04 GMT] Req-Arrive-Time:[1775119204394] Req-Cost-Time:[257] Resp-Start-Time:[1775119204651] Server:[istio-envoy] Vary:[Origin] X-Dashscope-Call-Gateway:[true] X-Envoy-Upstream-Service-Time:[255] X-Request-Id:[82cbc4e7-3816-911e-8c09-89dfd2e4fe38]] 0x1bf911bace20 -1 [] false false map[] 0x1bf911b38a00 0x1bf911dba240}
[2026-04-02 16:40:33.136] [default] [INFO] [responeScanner.go:129] 返回调用tools: []
[2026-04-02 16:40:33.136] [default] [INFO] [responeScanner.go:134] 流式响应处理完成，返回结果
[2026-04-02 16:40:33.136] [default] [INFO] [proxy.go:73] 处理响应成功
[2026-04-02 16:40:33.136] [default] [INFO] [localMemory.go:90] GetMessages called for chatID: 1775119191582677
[2026-04-02 16:40:33.136] [default] [INFO] [localMemory.go:94] Messages found for chatID:%!(EXTRA string=1775119191582677)
[2026-04-02 16:40:33.136] [default] [INFO] [proxy.go:178] convertMessages
[2026-04-02 16:40:33.136] [default] [INFO] [proxy.go:89] 开始发送请求 &{POST https://dashscope.aliyuncs.com/compatible-mode/v1/chat/completions HTTP/1.1 1 1 map[Authorization:[Bearer sk-da6d7a7da1914f6581d4825d7b790389] Content-Type:[application/json]] {{"model":"qwen3.5-flash","messages":[{"role":"system","content":"You are a task planner for an execution engine.\n\nYour job is to convert a user goal into a structured execution plan.\n\nThe plan MUST be a valid JSON object following the exact schema below.\n\nYou MUST NOT execute any tools.\nYou MUST NOT explain anything.\nYou MUST ONLY output JSON.\n\n----------------------------------------\nPLAN FORMAT:\n\n{\n  \"Steps\": [\n    {\n      \"id\": \"string\",\n      \"tool\": \"string\",\n      \"depends_on\": [\"string\"],\n      \"input\": { }\n    }\n  ]\n}\n\n----------------------------------------\nRULES:\nFist of all: MUST output JSON following the exact schema above, or it will be rejected。Start with the { and end with the } and nothing else.\n1. Each step must have a unique \"id\"\n2. \"depends_on\" must reference existing step ids\n3. If a step has no dependencies, use []\n4. Use only the provided tools\n5. Maximize parallel execution where possible\n6. Do NOT create circular dependencies\n7. Keep the plan minimal but complete\n\n----------------------------------------\nINPUT REFERENCES:\n\nTo use output from previous Steps, use:\n\n{ \"ref\": \"\u003cstep_id\u003e.output\" }\n\nExample:\n{\n  \"input\": {\n    \"data\": {\"ref\": \"step_1.output\"}\n  }\n}\n\n----------------------------------------\nAVAILABLE TOOLS:\n\n{{TOOL_LIST}}\n\n----------------------------------------\nOUTPUT REQUIREMENTS:\n\n- Output MUST be valid JSON\n- Do NOT include markdown\n- Do NOT include comments\n- Do NOT include extra text\n\nIf you cannot produce a valid plan, output:\n\n{ \"error\": \"reason\" }\n\nIf you are unsure, just keep asking questions.\nIf you need more information, ask for it.\nIf you need clarification, ask for it.\n"},{"role":"user","content":"这是你的任务模版,你先理解message内容,如过是任务意图,就把它填充到goal字段,进行你的任务规划。如果不是任务意图,请继续询问用户意图,直到你能明确任务目标,能填充goal字段.如果还需要其他信息可以继续提问，最后开始你的规划：{\n  \"message\": \"帮我规划一下未来三天的杭州旅行，要结合老黄历\",\n  \"goal\": \"\",\n  \"TOOL_LIST\": [\n    {\n      \"description\": \"\\n\\tWrites a chunk of content to a file at a specific offset.\\n\\t\\n\\tThis tool is designed for writing large files that exceed the token limit.\\n\\tYou should break down large content into smaller chunks and call this tool\\n\\tmultiple times, each with a different offset.\\n\\t\\n\\tIMPORTANT: \\n\\t- The first call should have offset = 0\\n\\t- Subsequent calls should have offset equal to total size of previously written content\\n\\t- The last chunk should have is_last = true\\n\\t- If is_last is true, file will be truncated at current offset + content length\\n\\t- CRITICAL: Each chunk must not exceed 100 characters to ensure reliable processing\\n\\t\\n\\tTo use this tool:\\n\\t1. Provide the actual filename, content, offset, and is_last values\\n\\t2. Do NOT provide the parameter schema/definition\\n\\t3. Call this tool multiple times for large files, each time with the next offset\\n\\t\\n\\tArgs (example values):\\n\\t{\\n\\t  \\\"filename\\\": \\\"large_file.txt\\\",\\n\\t  \\\"content\\\": \\\"First part of the content...\\\",\\n\\t  \\\"offset\\\": 0,\\n\\t  \\\"is_last\\\": false\\n\\t}\\n\\t\\n\\tExample usage for writing a large file:\\n\\t1. First chunk:\\n\\t   write_file_chunk({\\n\\t     \\\"filename\\\": \\\"large_file.txt\\\",\\n\\t     \\\"content\\\": \\\"First part of the content...\\\",\\n\\t     \\\"offset\\\": 0,\\n\\t     \\\"is_last\\\": false\\n\\t   })\\n\\t   \\n\\t2. Second chunk:\\n\\t   write_file_chunk({\\n\\t     \\\"filename\\\": \\\"large_file.txt\\\",\\n\\t     \\\"content\\\": \\\"Second part of the content...\\\",\\n\\t     \\\"offset\\\": 1024,\\n\\t     \\\"is_last\\\": false\\n\\t   })\\n\\t   \\n\\t3. Last chunk:\\n\\t   write_file_chunk({\\n\\t     \\\"filename\\\": \\\"large_file.txt\\\",\\n\\t     \\\"content\\\": \\\"Last part of the content...\\\",\\n\\t     \\\"offset\\\": 2048,\\n\\t     \\\"is_last\\\": true\\n\\t   })\\n\\t   \\n\\tNote: When writing large files, ensure each chunk is within the 100 character limit\\n\\tfor reliable processing. If a chunk exceeds this limit, it may be truncated or fail.\\n\\t\",\n      \"name\": \"write_file_chunk\",\n      \"parameters\": {\n        \"properties\": {\n          \"content\": {\n            \"description\": \"The content chunk to write to the file.\",\n            \"type\": \"string\"\n          },\n          \"filename\": {\n            \"description\": \"The path to the file. Can be an absolute path or a relative path.\",\n            \"type\": \"string\"\n          },\n          \"is_last\": {\n            \"description\": \"True if this is the last chunk, false otherwise.\",\n            \"type\": \"boolean\"\n          },\n          \"offset\": {\n            \"description\": \"The byte offset in the file where this chunk should be written.\",\n            \"type\": \"integer\"\n          }\n        },\n        \"required\": [\n          \"filename\",\n          \"content\",\n          \"offset\",\n          \"is_last\"\n        ],\n        \"type\": \"object\"\n      }\n    },\n    {\n      \"description\": \"Tool for getting the current real-time date and time from the server. MUST use this tool when user asks about current time, today's date, or any time-related questions requiring real-time information. Returns date, time, weekday, lunar date, and holiday information.只要对话里涉及时间的要应该先调用这个接口获取当前时间，再根据用户需求进行回复\",\n      \"name\": \"get_current_time\",\n      \"parameters\": {\n        \"properties\": {},\n        \"required\": [],\n        \"type\": \"object\"\n      }\n    },\n    {\n      \"description\": \"\\nQuery financial market data and generate structured analysis.\\n\\nUse this tool when:\\n- The user asks about stock market, crypto, or financial markets\\n- The query involves price, trend, or investment conditions\\n- The user asks about \\\"today market\\\", \\\"market situation\\\", \\\"price movement\\\"\\n\\nYou MUST use this tool instead of general search when the question is about financial markets.\\n\\nThis tool provides structured insights including:\\n- Trend analysis\\n- Volatility\\n- Risk level\\n- Market sentiment\\n\\nValid symbol examples:\\n- Stocks: AAPL, MSFT, GOOGL, TSLA\\n- Crypto: BTC-USD, ETH-USD\\n- Indices: ^GSPC (S\\u0026P 500), ^DJI (Dow Jones)\\n\\nIMPORTANT: Always provide a valid market symbol in the 'symbol' parameter.\\nIf user doesn't specify a symbol, use a default like 'AAPL' or ask the user.\\n\\nDo NOT rely on search tools for market data if this tool is available.\\n\",\n      \"name\": \"query_market\",\n      \"parameters\": {\n        \"properties\": {\n          \"symbol\": {\n            \"description\": \"Market symbol (e.g., AAPL, BTC-USD, ^GSPC)\",\n            \"type\": \"string\"\n          }\n        },\n        \"required\": [\n          \"symbol\"\n        ],\n        \"type\": \"object\"\n      }\n    },\n    {\n      \"description\": \"Converts a location name (city, address, landmark) into latitude and longitude coordinates. Input should be a place name like 'Beijing', 'New York', or 'Eiffel Tower'. Returns the coordinates and additional location details.\",\n      \"name\": \"geocoding\",\n      \"parameters\": {\n        \"properties\": {\n          \"location\": {\n            \"description\": \"The location name to geocode. Must use 'location' as the parameter name. Examples: 'Beijing', 'Times Square', 'Tokyo Tower'\",\n            \"type\": \"string\"\n          }\n        },\n        \"required\": [\n          \"location\"\n        ],\n        \"type\": \"object\"\n      }\n    },\n    {\n      \"description\": \"Get weather and forecast information for a specific location. This tool provides comprehensive weather data including temperature, humidity, wind speed, precipitation probability, and weather conditions. Use this tool when user asks about weather, temperature, or forecast for any location. Requires latitude and longitude coordinates of the location.\",\n      \"name\": \"query_weather\",\n      \"parameters\": {\n        \"properties\": {\n          \"days\": {\n            \"description\": \"Number of days to forecast (default: 7, max: 16)\",\n            \"type\": \"integer\"\n          },\n          \"latitude\": {\n            \"description\": \"The latitude coordinate of the location (e.g., 39.9042 for Beijing)\",\n            \"type\": \"string\"\n          },\n          \"longitude\": {\n            \"description\": \"The longitude coordinate of the location (e.g., 116.4074 for Beijing)\",\n            \"type\": \"string\"\n          }\n        },\n        \"required\": [\n          \"latitude\",\n          \"longitude\"\n        ],\n        \"type\": \"object\"\n      }\n    },\n    {\n      \"description\": \"传入date获取date对应日期和时间的详细信息，只要问今天适合干什么，问今天的运势，只要关于运气，玄学等等关于气运的都要调用这个接口。\\n\\t支持星座、儒略日、干支、生肖、节气、节日、彭祖百忌、吉神(喜神/福神/财神/阳贵神/阴贵神)方位、胎神方位、冲煞、纳音、星宿、八字、五行、十神、建除十二值星、青龙名堂等十二神、黄道日及吉凶、法定节假日及调休等,about almanac\",\n      \"name\": \"get_date_info_about_almanac\",\n      \"parameters\": {\n        \"properties\": {\n          \"date\": {\n            \"description\": \"必要参数，指定查询的日期，格式为'YYYY-MM-DD'，如'2023-01-01'，或者不指定，则默认为当前时间\",\n            \"type\": \"string\"\n          }\n        },\n        \"required\": [\n          \"date\"\n        ],\n        \"type\": \"object\"\n      }\n    },\n    {\n      \"description\": \"Calculates time by adding or subtracting duration from current time. Args format: 'operation:duration' where operation is 'add' or 'subtract', and duration is like '1h30m' (hours and minutes)\",\n      \"name\": \"calculate_time\",\n      \"parameters\": {\n        \"properties\": {\n          \"duration\": {\n            \"description\": \"The duration to add or subtract, e.g., '1h30m' for 1 hour and 30 minutes\",\n            \"type\": \"string\"\n          },\n          \"operation\": {\n            \"description\": \"The operation to perform: 'add' or 'subtract'\",\n            \"type\": \"string\"\n          }\n        },\n        \"required\": [\n          \"operation\",\n          \"duration\"\n        ],\n        \"type\": \"object\"\n      }\n    }\n  ]\n}"},{"role":"user","content":"执行规划失败，返回的错误是：Failed to get outputchan from context"},{"role":"user","content":"全部规划执行完成，以下是执行结果："},{"role":"user","content":"任务规划完成，执行步骤结果是：.集合以上信息，请给我任务的最终结果。或者是否需要继续执行其他步骤？"}],"stream":true,"max_tokens":3000}} 0x7ff75c2375e0 11238 [] false dashscope.aliyuncs.com map[] map[] <nil> map[]   <nil> <nil> <nil>  {{}} <nil> [] map[]}
[2026-04-02 16:40:33.139] [default] [INFO] [app.go:149] Generated messageID: 1775119233139089628
[2026-04-02 16:40:33.152] [default] [INFO] [app.go:149] Generated messageID: 1775119233152078248
[2026-04-02 16:40:33.562] [default] [INFO] [proxy.go:101] 发送请求成功
[2026-04-02 16:40:33.562] [default] [INFO] [responeScanner.go:27] 开始处理流式响应: &{200 OK 200 HTTP/2.0 2 0 map[Content-Type:[text/event-stream;charset=UTF-8] Date:[Thu, 02 Apr 2026 08:40:33 GMT] Req-Arrive-Time:[1775119233365] Req-Cost-Time:[387] Resp-Start-Time:[1775119233753] Server:[istio-envoy] Vary:[Origin] X-Dashscope-Call-Gateway:[true] X-Envoy-Upstream-Service-Time:[386] X-Request-Id:[ef8a4246-e900-9a16-8506-2899472d9804]] 0x1bf911e00000 -1 [] false false map[] 0x1bf911b38b40 0x1bf911dba240}
[2026-04-02 16:40:36.997] [default] [INFO] [responeScanner.go:129] 返回调用tools: []
[2026-04-02 16:40:36.997] [default] [INFO] [responeScanner.go:134] 流式响应处理完成，返回结果
[2026-04-02 16:40:36.997] [default] [INFO] [proxy.go:73] 处理响应成功
[2026-04-02 16:40:37.006] [default] [INFO] [app.go:149] Generated messageID: 1775119237006041709
[2026-04-02 16:40:37.008] [default] [INFO] [app.go:149] Generated messageID: 1775119237008002990
